﻿<?xml version="1.0" encoding="utf-8"?>
<resources>
	<string name="3300">진전된</string>
	<string name="3301">/*데이터베이스: %s*/</string>
	<string name="3302">포맷</string>
	<string name="3303">문자 / 상세한</string>
	<string name="3304">선택된 색깔</string>
	<string name="3305">디폴트(초기화)</string>
	<string name="3306">자동 대조</string>
	<string name="3308">서버 정보 For -</string>
	<string name="3309">테이블 정보</string>
	<string name="3310">테이블 (%d)</string>
	<string name="3311">뷰 정보</string>
	<string name="3312">뷰(%d)</string>
	<string name="3313">프로시저 정보</string>
	<string name="3314">프로시저 (%d)</string>
	<string name="3315">함수 정보</string>
	<string name="3316">함수 (%d)</string>
	<string name="3317">트리거 정보</string>
	<string name="3318">트리거 (%d)</string>
	<string name="3319">%s*/ 를 위한 DDL 정보</string>
	<string name="3320">종열 (%d)</string>
	<string name="3321">&amp;nbsp;테이블; %s</string>
	<string name="3322">기존 데이터를 읽어서 이 테이블에 맞는 데이터 타입을 찾으시오. &lt;a href=&quot;optimizer_help &quot; target=&quot;_blank&quot;> 더 보기&lt;/a></string>
	<string name="3323">인덱스 (%d)</string>
	<string name="3324">DDL정보</string>
	<string name="3325">/*저장 프로시저 %s*/</string>
	<string name="3326">&amp;nbsp; 저장 프로시저 %s</string>
	<string name="3327">뷰 정보</string>
	<string name="3328">&amp;nbsp; 뷰: %s</string>
	<string name="3330">검사 실행 (F5)</string>
	<string name="3331">새로운 연결을 만드세요 (Ctrl+M)</string>
	<string name="3332">모든 검사를 실행하세요 (Shift+r5)</string>
	<string name="3333">실행하고 결과단위를 편집하세요 (F8)</string>
	<string name="3336">새로운 검사 편집기 (Ctrl+T)</string>
	<string name="3337">대상 브라우저 새로 고침 (F9)</string>
	<string name="3338">사용자 관리자 (Ctrl+U)</string>
	<string name="3339">SQL Dump로 데이터베이스 백업 (Ctrl+Alt+E)</string>
	<string name="3340">SQL 스크립트 실행 (Ctrl+Shift+Q)</string>
	<string name="3341">데이터베이스를 다른 호스트/데이터베이스로 복사</string>
	<string name="3342">테이블 데이터 송출 (Ctrl+Alt+C)</string>
	<string name="3343">관리 목록 (F7)</string>
	<string name="3344">관계/외래 키 (F10)</string>
	<string name="3345">종료</string>
	<string name="3346">이벤트</string>
	<string name="3347">뷰</string>
	<string name="3348">저장 프로시저</string>
	<string name="3349">함수</string>
	<string name="3350">트리거</string>
	<string name="3351">인덱스</string>
	<string name="3352">이벤트 (%d)</string>
	<string name="3353">검사 실행 (F9)</string>
	<string name="3354">모든 검색의 실행 ( Shift+F9)</string>
	<string name="3355">전문가/사업/최고 으로 업그래드하려는 이유들</string>
	<string name="3356">실행 정지</string>
	<string name="3357">대상 브라우저 새로 고침 (F5)</string>
	<string name="3358">정보</string>
	<string name="3359">정보(&amp;I)	Ctrl+Shift+I</string>
	<string name="3360">히스토리(&amp;H)	Ctrl+Shift+H</string>
</resources>