﻿<?xml version="1.0" encoding="utf-8"?>
<resources>
	<string name="3361">함수 및 루틴 파라미터 목록	Ctrl+Shift+Space</string>
	<string name="3362">모두 예(&amp;s)</string>
	<string name="3363">모두 아니오(&amp;o)</string>
	<string name="3364">복구(&amp;R)</string>
	<string name="3365">&amp;4 고급</string>
	<string name="3366">엔진</string>
	<string name="3367">모두 복사(&amp;p)</string>
	<string name="3368">행 이름</string>
	<string name="3370">PK?</string>
	<string name="3371">Null이 아님?</string>
	<string name="3372">바이너리?</string>
	<string name="3373">부호 없이?</string>
	<string name="3374">자동 증가?</string>
	<string name="3375">Zerofill?</string>
	<string name="3376">인덱스 이름</string>
	<string name="3377">인덱스 종류</string>
	<string name="3378">제한된 이름</string>
	<string name="3379">열 참조</string>
	<string name="3380">참조된 데이터베이스</string>
	<string name="3381">참조된 테이블</string>
	<string name="3382">참조된 열</string>
	<string name="3383">업데이트</string>
	<string name="3384">삭제</string>
	<string name="3385">지정되지 않은 테이블 이름</string>
	<string name="3386">열 이름과 데이터 타입은 비어 있을 수 없습니다.</string>
	<string name="3387">지정되지 않은 데이터 타입</string>
	<string name="3388">기본값인 비어있는 스트링(&quot;)은 %s 데이터 타입에서는 지원되지 않습니다.</string>
	<string name="3389">%s 데이터 타입은 길이 값이 필요합니다.</string>
	<string name="3390">이 테이블에는 행이 없습니다. 적어도 하나의 열을 정의 하십시오.</string>
	<string name="3391">테이블이 성공적으로 생성되었습니다.</string>
	<string name="3392">정의된 행이 없습니다.</string>
	<string name="3393">선택된 행이 없습니다.</string>
	<string name="3394">외래 키를 위해 선탣된 참조중인 행이 없습니다.</string>
	<string name="3395">참조된 테이터 베이스가 선택되지 않았습니다.</string>
	<string name="3396">참조된 테이블이 선택되지 않았습니다.</string>
	<string name="3397">외래 키를 위해 선택된 참조된 행이 없습니다.</string>
	<string name="3398">참조 중인 그리고 참조된 행의 갯수가 같지 않습니다.</string>
	<string name="3399">데이터 타입</string>
	<string name="3400">길이</string>
	<string name="3401">필수 행들을 선택하십시오. 순서를 바꾸려면 Up/Down 키를 사용하십시오.</string>
	<string name="3402">실행을 기디라고 있는 쿼리가 없습니다.</string>
	<string name="3403">테이블이 성공적으로 생성되었습니다.

다른 테이블을 생성하시겠습니까?</string>
	<string name="3404">선택한 행은 한개 이상의 인덱스에서 참조되었습니다. 행을 버리시면 관련된 인덱스들도 수정됩니다.
 
 계속하시겠습니까?</string>
	<string name="3405">선택된 행은 한개 이상의 외래 키에 의해 참조되었습니다. 행을 버리면 관련된 외래 키도 수정됩니다.
 
 계속하시겠습니까?</string>
	<string name="3406">선택된 행은 한개 이상의 인덱스와 외래 키에 의해 참조되었습니다. 행을 버리면 관련된 인덱스와 외래 키도 수정됩니다.
 
 계속하시겠습니까?</string>
	<string name="3407">선택된 행은 한개 이상의 인덱스에 의해 참조되었습니다. 행을 버리면 관련된 인덱스와 수정됩니다.
 
 계속하시겠습니까?</string>
	<string name="3408">선택된 행은 한개 이상의 외래 키에 의해 참조되었습니다. 행을 버리면 관련된 외래 키도 수정됩니다.
 
 계속하시겠습니까?</string>
	<string name="3409">선택된 행은 한개 이상의 인덱스와 외래 키에 의해 참조되었습니다. 행을 버리면 관련된 인덱스와 외래 키도 수정됩니다.
 
 계속하시겠습니까?</string>
	<string name="3410">Primary key 는 여러 개일 수 없습니다.</string>
	<string name="3411">이 인덱스를 버리시겠습니까?</string>
	<string name="3412">선택된 인덱스를 버리시겠습니까?</string>
		<string name="3413">이 외래 키를 버리시겠습니까?</string>
	<string name="3414">선택된 외래 키를 버리시겠습니까?</string>
	<string name="3415">MySQL에서 외래 키에 경고를 할 수 있는 직접적인 방법은 없습니다.
SQLyog이 존재하고 있는 것을 버리고 이미 존재하는 키의 이름을 사용하여 새 것을 생성할 것입니다.
만약 이미 설정한 조건들이 맞지 않으면(데이터 타입, 적절한 인덱스 등등), 생성 과정은 실패할 것입니다. 그 결과 기존의 외래 키는 지워지고 새로운 키는 생성되지 않습니다.
키에 새로운 이름을 부여함으로서 그것을 피할 수 있습니다.
계속 하시겠습니까?</string>
	<string name="3416">이 행을 버리시겠습니까?</string>
	<string name="3417">선택된 행을 버리시겠습니까?</string>
	<string name="3418">테이블 변환</string>
	<string name="3419">데이터베이스 이름 사용</string>
	<string name="3420">새로운 열 추가 (Alt+Ins)</string>
	<string name="3421">선택된 열 지우기(Alt+Del)</string>
	<string name="3422">위로 이동(Alt+Up)</string>
	<string name="3423">아래로 이동(Alt+Down)</string>
	<string name="3424">전송 시간</string>
	<string name="3425">다른 탭으로 전환할 수 없습니다. 새로운 연결을 생성하십시오. (Ctrl+N)</string>
	<string name="3426">쿼리 실행 중입니다!</string>
	<string name="3427">에러로 인해 중지됨</string>
	<string name="3428">정규 표현식</string>
	<string name="3429">데이터베이스 콜레이션</string>
	<string name="3430">쿼리를 클립보드에 복사</string>
	<string name="3431">쿼리를 새 쿼리탭에 복사</string>
	<string name="3432">쿼리를 동일 쿼리탭에 복사</string>
	<string name="3434">캔버스에 테이블을 추가</string>
	<string name="3435">테이블 생성</string>
	<string name="3436">스키마 디자인 가져오기 (Ctrl+O)</string>
	<string name="3437">캔버스 새로 고침 (F5)</string>
	<string name="3438">캔버스를 이미지로 내보내기</string>
	<string name="3439">인쇄</string>
	<string name="3440">확대</string>
	<string name="3441">축소</string>
	<string name="3443">뷰 생성</string>
	<string name="3444">프로시저 생성</string>
	<string name="3445">트리거 생성</string>
	<string name="3446">함수 생성</string>
	<string name="3447">이벤트 생성</string>
	<string name="3448">명령어 초기화(&amp;i)</string>
	<string name="3449">(여러 개의 명령어를 사용할 때에는 세미콜론  &apos;;&apos;으로 구분하십시오)</string>
	<string name="3450">글꼴 &amp;&amp; 편집기 설정</string>
	<string name="3451">객체 브라우저(&amp;j)</string>
	<string name="3452">&amp;foreign_key_checks = 0 설정</string>
	
	<string name="3453">새 탭에서 테이블 열기 (&amp;N)</string>
	<string name="3458">테이블 데이터 (&amp;T)</string>
<!--string name="3459" is in file2.xml -->
	<string name="3460">새 탭에서 테이블 열기 (&amp;N)	Ctrl+F11</string>
	<string name="3461">초기 명령</string>
	
	<string name="3463">테이블 데이터 (&amp;T)	F11</string>
	<string name="3466">선택한 테이블/뷰를 객체 브라우저에서 보기</string>
	<string name="3467">새로운 행 삽입(Alt+Ins)</string>
	<string name="3468">선택된 행 삭제(Alt+Del)</string>
	<string name="3469">선택된 인덱스 삭제(Alt+Del)</string>
	<string name="3470">새로운 인덱스 삽입(Alt+Ins)</string>
	<string name="3471">선택된 외래 키 삭제(Alt+Del)</string>
	<string name="3472">새로운 외래 키 삽입(Alt+Ins)</string>
	<string name="3477">테이블 데이터/결과 탭 페이징</string>
	<string name="3478">기본 열 개수(&amp;D)</string>
	<string name="3479">툴바 크기</string>
	<string name="3480">테마</string>
	<string name="3481">작음</string>
	<string name="3482">보통</string>
	<string name="3483">큼</string>
	<string name="3484">모두 실행(&amp;E)</string>
	<string name="3486">( 주의:여러 개의 쿼리는 ;로 구분 )</string>
	<string name="3487">테이블/qb 추가</string>
	<string name="3488">새로 고침(&amp;R)	F9</string>
	<string name="3489">%s 쿼리 생성 실패</string>
	<string name="3490">SQLyog가 선택한 테이블에 대한 데이터베이스를 확인하지 못했습니다.

활성 데이터베이스 컨텍스트를 사용하시겠습니까?</string>
	<string name="3491">데이터베이스가 선택되지 않았습니다. 데이터베이스를 선택하고 다시 시도하십시오</string>
</resources>