﻿<?xml version="1.0" encoding="utf-8"?>
<resources>
	<string name="2200">어떻게 계속하시겠습니까?</string>
	<string name="2201">테이블:</string>
	<string name="2202">테이블 구조를 자동으로 동기화하려면, 이 스키마를 임시 데이터 베이스에서 불러오거나 파워툴에서 스키마 동기화 도구를 사용하십시오.</string>
	<string name="2203">옵션</string>
	<string name="2204">변경됨</string>
	<string name="2205">변경되지 않음</string>
	<string name="2206">삽입된(소스)</string>
	<string name="2207">삽입된(목표)</string>
	<string name="2208">적용</string>
	<string name="2209">가시성 필터</string>
	<string name="2210">올바르지 않은 등록</string>
	<string name="2211">등록 세부 정보를 확인할 수 없습니다.
프로그램 버전에 맞는 세부 정보인지 확인해 주십시오.</string>
	<string name="2212">라이센스 키 받기</string>
	<string name="2213">데이터 소스 유형</string>
	<string name="2214">ODBC 소스</string>
	<string name="2215">폴더 선택</string>
	<string name="2216">폴더 이름</string>
	<string name="2217">설정...</string>
	<string name="2218">ODBC 데이터 소스 이름 (DSN)을 선택 또는 생성</string>
	<string name="2219">시스템/사용자 DSN</string>
	<string name="2220">DSN 파일 정리</string>
	<string name="2221">새 DSN 생성...</string>
	<string name="2222">데이터 소스의 인증서 입력</string>
	<string name="2223">마이크로소프트 오피스 2007용 드라이버를 찾을 수 없습니다. 다운로드를 하시려면</string>
	<string name="2224">여기를 클릭</string>
	<string name="2225">정해지지 않은 오브젝트</string>
	<string name="2226">다음 오브젝트에 대한 참조를 정할 수 없습니다</string>
	<string name="2227">해당 파일이 저장되었기 때문에 오브젝트가 드롭되었거나 
이름이 변경되었습니다</string>
	<string name="2228">테이블 가명</string>
	<string name="2229">테이블 이름</string>
	<string name="2230">테이블 가명</string>
	<string name="2231">외래 키 가져오기</string>
	<string name="2232">액세스 데이터 베이스에서 외래 키를 올바르게 가져오기 위해서는, 액세스 시스템 테이블 상에서 권한을 부여해야 합니다.</string>
	<string name="2233">사용자-수준 보안 기능을 .accdb, .accde, .accdc, .accdr과 같은 새 파일 형식으로 이용할 수 없기 때문에 데이터 베이스가 .mdb 형식으로 저장되었습니다</string>
	<string name="2234">향상된 연결성 도구, 동기화 도구, 스마트 자동 완성, 마이그레이션 툴킷, 예약 백업, 알림 서비스 등을 &quot;모두 갖춘&quot; SQLyog로 업그레이드 하십시오. 여기를 클릭하시면 SQLyog에 대한 정보를 확인하실 수 있습니다.</string>
	<string name="2235">새 연결 생성</string>
	<string name="2236">현재 MDI와 연결 닫기</string>
	<string name="2237">모든 MDI 창과 연결 닫기</string>
	<string name="2238">현재 SQL문 저장</string>
	<string name="2239">SQL 파일을 현재 연결에서 열기</string>
	<string name="2240">응용 프로그램에서 나가기</string>
	<string name="2241">현재 SQL을 파일 안에 지정 및 저장</string>
	<string name="2242">선택물을 자르고 클립보드에 이동</string>
	<string name="2243">현재 선택물을 클립보드에 복사</string>
	<string name="2244">클립보드 내용을 현재 삽입 지점에 삽입</string>
	<string name="2245">마지막 액션을 취소</string>
	<string name="2246">오브젝트 브라우저를 새로 고침</string>
	<string name="2247">현재 선택된 데이터 베이스를 드롭</string>
	<string name="2248">현재 선택된 테이블을 드롭</string>
	<string name="2249">해당 테이블의 올바른 SQL 삽입을 생성</string>
	<string name="2250">개인 폴더 관리</string>
	<string name="2251">예약된 백업</string>
	<string name="2252">쿼리 실행</string>
	<string name="2253">이전에 취소한 액션을 다시 실행</string>
	<string name="2254">전체 선택물을 선택</string>
	<string name="2255">지정한 텍스트를 검색</string>
	<string name="2256">지정한 텍스트를 검색하고 이를 다른 텍스트로 대체</string>
	<string name="2257">오브젝트 브라우저를 보이기 또는 숨기기</string>
	<string name="2258">로그, 권한, 호스트 등을 다시 불러오기.</string>
	<string name="2259">SQL 명령어의 템플릿 보기</string>
	<string name="2260">다른 이름으로 내보내기...</string>
	<string name="2261">사용자의 테이블을 검사/복구/분석/최적화</string>
	<string name="2262">결과물을 텍스트 모드로 보기</string>
	<string name="2263">선택된 텍스트를 대문자로 변경</string>
	<string name="2264">선택된 텍스트를 소문자로 변경</string>
	<string name="2265">현재 라인에 주석 달기</string>
	<string name="2266">현재 라인에서 주석을 삭제</string>
	<string name="2267">현재 SQL을 개인 폴더에 추가</string>
	<string name="2268">윈도우를 겹치게 배열</string>
	<string name="2269">창을 타일 형식으로 배열</string>
	<string name="2270">최소화된 MDI 창 배열</string>
	<string name="2271">프로그램 정보 및 저작권 표시</string>
	<string name="2272">SQLyog에 키보드 바로가기 목록</string>
	<string name="2273">SQL에 테이블 데이터 및 구조 내보내기</string>
	<string name="2274">SQL 명령어의 배치 파일 실행</string>
	<string name="2275">SQLyou의 도움말 파일 보기</string>
	<string name="2276">선택된 쿼리 실행</string>
	<string name="2277">모든 쿼리 실행</string>
	<string name="2278">선택된 데이터 베이스에서 새 테이블 생성</string>
	<string name="2279">테이블 생성</string>
	<string name="2280">모든 가로 열을 클립보드에 복사</string>
	<string name="2281">해당 테이블 이름 변경</string>
	<string name="2282">테이블 데이터 보기</string>
	<string name="2283">선택된 테이블의 데이터 삭제</string>
	<string name="2284">선택된 테이블의 고급 속성 보기</string>
	<string name="2285">선택된 세로 행을 드롭</string>
	<string name="2286">데이터 베이스의 스키마를 HTML로 생성</string>
	<string name="2287">현재 연결에 새 창을 생성</string>
	<string name="2288">이 문서 열기</string>
	<string name="2289">데이터 베이스, 테이블, 세로 행 레벨 권한을 사용자에게 부여</string>
	<string name="2290">선택된 테이블의 데이터를 콤마 분리 값으로 내보내기</string>
	<string name="2291">데이터를 CSV 파일에서 테이블로 가져오기</string>
	<string name="2292">백업 명령어를 사용하여 선택된 데이터 베이스를 백업</string>
	<string name="2293">복구 명령어를 사용하여 데이터 베이스복구</string>
	<string name="2294">결과 창을 보이기 또는 숨기기</string>
	<string name="2295">개인 SQL을 현재 연결에서 열기</string>
	<string name="2296">현재 선택된 인덱스를 드롭</string>
	<string name="2297">데이터 베이스의 테이블을 복사</string>
	<string name="2298">선택된 테이블의 테이블 구조 변경</string>
	<string name="2299">사용자 및 사용자의 전체 권한 추가</string>
	<string name="2300">존재하는 사용자의 전체 권한 편집</string>
	<string name="2301">테이블 데이터 삽입 및 업데이트</string>
	<string name="2302">선택된 데이터 베이스의 데이터를 SQL 쿼리로 내보내기</string>
	<string name="2303">선택된 테이블의 데이터를 SQL 쿼리로 내보내기</string>
	<string name="2304">테이블의 인덱스를 생성 및 편집</string>
	<string name="2305">두 개의 데이터 베이스 데이터를 동기화</string>
	<string name="2306">두 개의 테이블 구조를 동기화</string>
	<string name="2307">새 데이터 베이스를 생성</string>
	<string name="2308">테이블 핸들러를 ISAM으로 변경</string>
	<string name="2309">테이블 핸들러를 MylSAM으로 변경</string>
	<string name="2310">테이블 핸들러를 HEAP으로 변경</string>
	<string name="2311">테이블 핸들러를 MERGE로 변경</string>
	<string name="2312">테이블 핸들러를 InnoDB로 변경</string>
	<string name="2313">테이블 핸들러를 BDB로 변경</string>
	<string name="2314">테이블 핸들러를 GEMINI로 변경</string>
	<string name="2315">테이블의 인덱스를 생성 및 편집</string>
	<string name="2316">MYSQL 데이터 소스를 선택</string>
	<string name="2317">어디에서 데이터를 복사하시겠습니까?</string>
	<string name="2318">데이터 소스를 선택</string>
	<string name="2319">테이블 복사 또는 쿼리를 지정</string>
	<string name="2320">하나 이상의 테이블을 복사할 것인지 데이터 소스에서 쿼리 결과를 복사할 것인지 지정하십시오.</string>
	<string name="2321">SQL문을 입력</string>
	<string name="2322">데이터를 가져올 쿼리를 입력하십시오.</string>
	<string name="2323">테이블 선택</string>
	<string name="2324">복사하려는 하나 이상의 테이블을 선택할 수 있습니다. 스키마 또는 데이터가 테이블 위에 나타날 때 복사하거나 구조를 변형하려면 클릭(...)하십시오.</string>
	<string name="2325">선택된 테이블의 세로 행을 재정렬</string>
	<string name="2326">사용자 권한 관리</string>
	<string name="2327">다시 불러오기</string>
	<string name="2328">테이블 진단</string>
	<string name="2329">선택된 데이터 베이스의 모든 테이블을 드롭</string>
	<string name="2330">SQL 편집기를 보이기 또는 숨기기</string>
	<string name="2331">결과 세트 실행 및 편집</string>
	<string name="2332">데이터를 ODBC 데이터 소스로부터 MySQL에 가져오기</string>
	<string name="2333">쿼리에서 되돌아온 결과물과 함께 개인 메일 전송</string>
	<string name="2334">데이터 베이스 또는 테이블을 SQL문으로 내보내기</string>
	<string name="2335">SQLyou 작업 에이전트의 작업 관리</string>
	<string name="2336">태그 파일 재구축</string>
	<string name="2337">모든 키워드 및 오브젝트를 나열</string>
	<string name="2338">현재 단어와 일치하는 모든 키워드 및 오브젝트 나열</string>
	<string name="2339">데이터를 배치 스크립트로 내보내기</string>
	<string name="2340">배치 파일을 실행</string>
	<string name="2341">선택된 테이블의 FK 관계 관리</string>
	<string name="2342">테이블의 데이터를 삽입/업데이트</string>
	<string name="2343">테이블 구조 변경</string>
	<string name="2344">선택된 데이터 베이스에 있는 모든 테이블의 데이터를 삭제</string>
	<string name="2345">테이블의 관계 관리</string>
	<string name="2346">선택된 테이블의 데이터를 HTML로 내보내기</string>
	<string name="2347">선택된 테이블의 데이터를 XML로 내보내기</string>
	<string name="2348">프로세스 목록 보기</string>
	<string name="2349">상태 보기</string>
	<string name="2350">소스와 MySQL 목표 서버에 대한 세부 사항을 입력해 주십시오</string>
	<string name="2351">데이터 동기화 고급 옵션</string>
	<string name="2352">수행하려는 옵션을 선택해 주십시오</string>
	<string name="2353">동기화하려는 테이블을 선택해 주십시오</string>
	<string name="2354">&quot;데이터 베이스 안에 모든 테이블 동기화&quot;를 선택하면 언제든지 데이터 베이스 안에 보여지는 모든 테이블을 동기화할 수 있습니다. 모든 세로 행을 선택하거나 데이터 비교를 위해 세로 행을 사용하도록 지정할 수 있습니다.</string>
	<string name="2355">응용 프로그램의 환경 설정을 지정</string>
	<string name="2356">예약 간격으로 쿼리 결과물을 전송</string>
	<string name="2357">선택된 테이블을 다른 호스트/DB에 복사</string>
	<string name="2358">사용자의 MySQL 서버에 대한 세부 사항을 입력</string>
	<string name="2359">이메일 옵션...</string>
	<string name="2360">사용자의 이메일과 보내는 서버 정보를 지정</string>
	<string name="2361">이메일 옵션....(계속됨)</string>
	<string name="2362">이메일 제목을 지정하거나 현재 날짜/시간 값으로부터 제목을 자동으로 생성하시려면 YYYY-MM-DD 또는 YY-MM-DD HH:MM를 선택해 주십시오</string>
	<string name="2363">쿼리</string>
	<string name="2364">외부 파일을 지정하거나 실행하려는 쿼리를 입력</string>
	<string name="2365">내보내려는 오브젝트를 선택</string>
	<string name="2366">모든 오브젝트나 선택된 오브젝트를 내보낼 수 있습니다.</string>
	<string name="2367">스크립트를 어떻게 생성하시겠습니까?</string>
	<string name="2368">각 테이블의 단일 덤프 또는 덤프를 생성할 수 있습니다. 또한, 백업을 압축하고 이를 확인하기 위해 타임 스탬프를 사용할 수 있습니다.</string>
	<string name="2369">무엇을 생성하시겠습니까?</string>
	<string name="2370">오류 상에서 어떤 작업을 수행하시겠습니까?</string>
	<string name="2371">오류가 발생했을 때 이메일로 보고 전송</string>
	<string name="2372">실행 중지</string>
	<string name="2373">선택된 셀 데이터를 클립보드에 복사</string>
	<string name="2374">데이터 소스 선택</string>
	<string name="2375">어디에서 데이터를 가져오시겠습니까?</string>
	<string name="2376">하나 이상의 테이블을 가져올 것인지 데이터 소스에서 
쿼리 결과물을 가져올 것인지 지정하십시오</string>
	<string name="2377">SQL문에서 가져오기</string>
	<string name="2378">데이터를 가져올 쿼리 입력</string>
	<string name="2379">데이터 베이스 선택</string>
	<string name="2380">가져오려는 데이터 베이스를 선택</string>
	<string name="2381">오류 상에서 어떤 작업을 수행하시겠습니까?</string>
	<string name="2382">현재 선택된 저장 프로시저 변경</string>
	<string name="2383">현재 선택된 저장 프로시저를 드롭</string>
	<string name="2384">이메일 옵션...(계속됨)</string>
	<string name="2385">현재 선택된 펑션을 변경</string>
	<string name="2386">현재 선택된 펑션을 드롭</string>
	<string name="2387">현재 선택된 트리거를 드롭</string>
	<string name="2388">선택된 뷰의 뷰 구조를 변경</string>
	<string name="2389">현재 선택된 뷰를 드롭</string>
	<string name="2390">선택된 데이터 베이스에 새 뷰 생성</string>
	<string name="2391">선택된 데이터 베이스에 새 저장 프로시저 생성</string>
	<string name="2392">선택된 데이터 베이스에 새 펑션 생성</string>
	<string name="2393">현재 선택된 테이블에 새 트리거 생성</string>
	<string name="2394">현재 선택된 트리거 변경</string>
	<string name="2395">새 SQL 편집기 추가</string>
	<string name="2396">SQLyog 알림 마법사 완료</string>
	<string name="2397">현재 선택된 뷰 이름 변경</string>
	<string name="2398">현재 선택된 트리거의 이름 변경</string>
	<string name="2399">지정된 라인에 커서를 위치</string>
	<string name="2400">이메일 제목을 지정하거나 현재 날짜/시간 값으로부터 제목을 자동으로 생성하시려면 YYYY-MM-DD 또는 YY-MM-DD HH:MM를 선택해 주십시오</string>
	<string name="2401">배치 스크립트 옵션으로 예약된 내보내기 완료</string>
	<string name="2402">SQLyog 데이터 베이스 동기화 마법사 완료</string>
	<string name="2403">테이블의 올바른 SQL 선택문을 생성</string>
	<string name="2404">현재 쿼리를 즐겨찾기 목록에 추가</string>
	<string name="2405">사용자의 즐겨찾기 폴더를 정리</string>
	<string name="2406">현재 SQL 편집기 닫기</string>
	<string name="2407">즐겨찾기 새로 고침</string>
	<string name="2408">테이블 선택</string>
	<string name="2409">복사하려는 하나 이상의 테이블을 선택할 수 있습니다. 테이블 위에 나타날 때 
스키마 또는 데이터를 복사하거나 구조를 변형하려면 클릭(...)하십시오.</string>
	<string name="2410">모든 데이터 베이스의 단일 파일</string>
	<string name="2411">테이블의 올바른 SQL 업데이트문을 생성</string>
	<string name="2412">테이블의 올바른 SQL 삭제문 생성</string>
	<string name="2413">동기화를 어떻게 수행하시겠습니까?</string>
	<string name="2414">수행하려는 유형을 선택</string>
	<string name="2415">새 탭에서 SQL 파일 열기</string>
	<string name="2416">새 스키마 디자이너 추가</string>
	<string name="2417">새 쿼리 빌더 추가</string>
	<string name="2418">파일</string>
	<string name="2419">현재 설정을 사용한 새 연결 	Ctrl+N</string>
	<string name="2420">새 연결... 	Ctrl+M</string>
	<string name="2421">새 쿼리 편집기 	Ctrl+T</string>
	<string name="2422">새 쿼리 빌더 	Ctrl+K</string>
	<string name="2423">새 스키마 디자이너		Ctrl+Alt+D</string>
	<string name="2424">탭 닫기 	Alt+L</string>
	<string name="2425">연결 해제 	Ctrl+F4/Ctrl+W</string>
	<string name="2426">모두 연결 해제</string>
	<string name="2427">열기...	Ctrl+O</string>
	<string name="2428">저장... 	Ctrl+S</string>
	<string name="2429">다른 이름으로 저장</string>
	<string name="2430">최근 파일</string>
	<string name="2431">나가기 	Alt+F4</string>
	<string name="2432">편집</string>
	<string name="2433">오브젝트 브라우저의 색상을 변경</string>
	<string name="2434">쿼리 실행</string>
	<string name="2435">결과 세트를 실행 및 편집	F8</string>
	<string name="2436">현재 쿼리 포맷	F12</string>
	<string name="2437">선택된 쿼리 포맷 	Ctrl+F12</string>
	<string name="2438">모든 쿼리 포맷 	Shift+F12</string>
	<string name="2439">템플릿 삽입...	Ctrl+Shift+T</string>
</resources>