﻿<?xml version="1.0" encoding="utf-8"?>
<resources>
	<string name="2440">&amp;원상복귀	Ctrl+Z</string>
	<string name="2441">&amp;다시하기	Ctrl+Y</string>
	<string name="2442">자르기	Ctrl+X</string>
	<string name="2443">복사	Ctrl+C</string>
	<string name="2444">붙여넣기	Ctrl+V</string>
	<string name="2445">파일에서 삽입...</string>
	<string name="2446">모두 선택	Ctrl+A</string>
	<string name="2447">검색...	Ctrl+F</string>
	<string name="2448">다음 검색	F3</string>
	<string name="2449">대체...	Ctrl+H</string>
	<string name="2450">가기...	Ctrl+G</string>
	<string name="2451">모든 태그 나열	Ctrl+Space</string>
	<string name="2452">일치하는 태그 나열	Ctrl+Enter</string>
	<string name="2453">결과/테이블 데이터/데이터 세트를 텍스트로 보기	Ctrl+L</string>
	<string name="2454">오브젝트 브라우저 숨기기	Ctrl+Shift+1</string>
	<string name="2455">결과창 숨기기	Ctrl+Shift+2</string>
	<string name="2456">SQL 편집기 숨기기	Ctrl+Shift+3</string>
	<string name="2457">이전 탭으로 전환	Ctrl+PgUp</string>
	<string name="2458">다음 탭으로 전환	Ctrl+PgDown</string>
	<string name="2459">고급</string>
	<string name="2460">대문자 선택	Ctrl+Shift+U</string>
	<string name="2461">소문자 선택	Ctrl+Shift+L</string>
	<string name="2462">주석 선택	Ctrl+Shift+C</string>
	<string name="2463">선택물에서 주석 삭제	Ctrl+Shift+R</string>
	<string name="2464">즐겨찾기</string>
	<string name="2465">즐겨찾기에 추가...	Ctrl+Shift+F</string>
	<string name="2466">즐겨찾기 정리...</string>
	<string name="2467">즐겨찾기 새로 고침</string>
	<string name="2468">데이터 베이스를 다른 호스트/데이터 베이스로 복사...</string>
	<string name="2469">데이터 베이스 생성...	Ctrl+D</string>
	<string name="2470">데이터 베이스 변경... 	F6</string>
	<string name="2471">생성</string>
	<string name="2472">테이블...</string>
	<string name="2473">뷰...</string>
	<string name="2474">저장 프로시저...</string>
	<string name="2475">펑션...</string>
	<string name="2476">트리거...</string>
	<string name="2477">이벤트...</string>
	<string name="2478">다른 데이터 베이스 오퍼레이션</string>
	<string name="2479">데이터 베이스 드롭...	Del</string>
	<string name="2480">데이터 베이스 삭제...	Shift+Del</string>
	<string name="2481">비어있는 데이터 베이스...</string>
	<string name="2482">백업/내보내기</string>
	<string name="2483">예약 백업...	Ctrl+Alt+S</string>
	<string name="2484">데이터 베이스를 SQL 덤프로 백업...	Ctrl+Alt+E</string>
	<string name="2485">가져오기</string>
	<string name="2486">외부 데이터를 가져오기...	Ctrl+Alt+O</string>
	<string name="2487">SQL 스크립트 실행...	Ctrl+Shift+Q</string>
	<string name="2488">데이터 베이스의 스키마를 HTML로 생성...	Ctrl+Shift+Alt+S</string>
	<string name="2489">SQL문 붙여넣기</string>
	<string name="2490">&amp;인트로 삽입 &lt;tablename>...	Alt+Shift+I</string>
	<string name="2491">&amp;업데이트 &lt;tablename> 설정...	Alt+Shift+U</string>
	<string name="2492">&amp;으로부터 삭제&lt;tablename>...	Alt+Shift+D</string>
	<string name="2493">col-1>...col-n> 에서 선택...	Alt+Shift+S</string>
	<string name="2494">테이블을 다른 호스트/데이터 베이스에 복사...</string>
	<string name="2495">테이블 열기	F11</string>
	<string name="2496">테이블 생성	F4</string>
	<string name="2497">테이블 변경	F6</string>
	<string name="2498">메시지 인덱스	F7</string>
	<string name="2499">관계/외래 키	F10</string>
	<string name="2500">다른 테이블 오퍼레이션</string>
	<string name="2501">테이블 이름 변경	F2</string>
	<string name="2502">테이블 삭제...	Shift+Del</string>
	<string name="2503">데이터 베이스에서 테이블 드롭...	Del</string>
	<string name="2504">세로 행 재정렬	Ctrl+Alt+R</string>
	<string name="2505">테이블 구조/데이터 복제...</string>
	<string name="2506">테이블 속성 보기</string>
	<string name="2507">비어있는</string>
	<string name="2508">테이블을 SQL 덤프로 백업...	Ctrl+Alt+E</string>
	<string name="2509">테이블 데이터를 다른 이름으로 내보내기...	Ctrl+Alt+C</string>
	<string name="2510">로컬 불러오기를 사용하여 CSV 데이터 가져오기...	Ctrl+Shift+M</string>
	<string name="2511">트리거 생성...	F4</string>
	<string name="2512">기타</string>
	<string name="2513">세로 행 드롭...	Del</string>
	<string name="2514">세로 행 관리...	F6</string>
	<string name="2515">인덱스</string>
	<string name="2516">인덱스 생성...	F4</string>
	<string name="2517">인덱스 편집...	F6</string>
	<string name="2518">인덱스 드롭... 	Del</string>
	<string name="2519">뷰</string>
	<string name="2520">뷰 생성...	F4</string>
	<string name="2521">뷰 변경...	F6</string>
	<string name="2522">뷰 드롭...	Del</string>
	<string name="2523">뷰 이름 변경	F2</string>
	<string name="2524">뷰 내보내기...</string>
	<string name="2525">뷰 데이터</string>
	<string name="2526">저장 프로시저</string>
	<string name="2527">저장 프로시저 생성...	F4</string>
	<string name="2528">저장 프로시저 변경...	F6</string>
	<string name="2529">저장 프로시저 드롭...	Del</string>
	<string name="2530">펑션</string>
	<string name="2531">펑션 생성...	F4</string>
	<string name="2532">펑션 변경... 	F6</string>
	<string name="2533">펑션 드롭... 	Del</string>
	<string name="2534">트리거</string>
	<string name="2535">트리거 변경... 	F6</string>
	<string name="2536">트리거 드롭... 	Del</string>
	<string name="2537">트리거 이름 변경 	F2</string>
	<string name="2538">이벤트</string>
	<string name="2539">이벤트 생성...	F4</string>
	<string name="2540">&amp;이벤트 변환...	F6</string>
	<string name="2541">&amp;드롭 이벤트... 삭제</string>
	<string name="2542">이벤트 이름 변경		F2</string>
	<string name="2543">도구</string>
	<string name="2544">테이블 데이터/결과의 모든 열을 다른 이름으로 내보내기...	Ctrl+Shift+E</string>
	<string name="2545">SQL 스크립트 실행...	Ctrl+Shift+Q</string>
	<string name="2546">다시 불러오기...	Ctrl+Alt+F</string>
	<string name="2547">테이블 진단...	Ctrl+Alt+T</string>
	<string name="2548">사용자 관리자	Ctrl+U</string>
	<string name="2549">보기</string>
	<string name="2550">변수...</string>
	<string name="2551">프로세스 목록...</string>
	<string name="2552">상태...</string>
	<string name="2553">언어 변경	Alt+Shift+L</string>
	<string name="2554">환경설정...</string>
	<string name="2555">파워툴</string>
	<string name="2556">데이터 베이스 동기화 마법사...	Ctrl+Alt+W</string>
	<string name="2557">스키마 동기화 도구...	Ctrl+Q</string>
	<string name="2558">SQL 스케쥴러 및 리포팅 도구...	Ctrl+Alt+N</string>
	<string name="2559">예약 백업...	Ctrl+Alt+S</string>
	<string name="2560">예약 작업...</string>
	<string name="2561">태그 리빌드</string>
	<string name="2562">창</string>
	<string name="2563">커스케이드</string>
	<string name="2564">타일 형식으로 창 배열</string>
	<string name="2565">아이콘 배열</string>
	<string name="2566">도움말</string>
	<string name="2567">도움말	F1</string>
	<string name="2568">키보드 바로가기...</string>
	<string name="2569">업데이트 사항 확인...</string>
	<string name="2570">등록 세부정보 변경...</string>
	<string name="2571">정보...</string>
	<string name="2572">항목</string>
	<string name="2573">기본 키 설정</string>
	<string name="2574">세로 행 삽입</string>
	<string name="2575">세로 행 삭제</string>
	<string name="2576">새 열 삽입</string>
	<string name="2577">열 삭제</string>
	<string name="2578">변경 사항 저장</string>
	<string name="2579">업데이트 취소</string>
	<string name="2580">빈 스트링 설정</string>
	<string name="2581">없음으로 설정</string>
	<string name="2582">기본으로 설정</string>
	<string name="2583">테이블 데이터/결과의 모든 열을 다른 이름으로 내보내기...	Ctrl+Shift+E</string>
	<string name="2584">셀 데이터를 클립보드에 복사</string>
	<string name="2585">모든 열을 클립보드에 복사...</string>
	<string name="2586">선택된 열을 클립보드에 복사</string>
	<string name="2587">세로 행 드롭</string>
	<string name="2588">오브젝트 브라우저 새로 고침 F9</string>
	<string name="2589">값 보기</string>
	<string name="2590">과정 삭제...</string>
	<string name="2591">&amp;이력 삭제</string>
	<string name="2592">히스토리를 클립보드에 복사</string>
	<string name="2593">히스토리를 파일에 저장...	Ctrl+S</string>
	<string name="2594">예약 백업... Ctrl+Alt+S</string>
	<string name="2595">외부 데이터 가져오기...	Ctrl+Alt+O</string>
	<string name="2596">SQL문에서 가져오기...	Ctrl+Shift+Q</string>
	<string name="2597">사용자 관리자</string>
	<string name="2598">사용자 추가...	Ctrl+U</string>
	<string name="2599">사용자 이름 변경...</string>
	<string name="2600">사용자 편집...	Ctrl+Alt+U</string>
	<string name="2601">권한 관리...	Ctrl+Shift+W</string>
	<string name="2602">CSV로...	Ctrl+Alt+C</string>
	<string name="2603">XML로...	Ctrl+Alt+X</string>
	<string name="2604">HTML로...	Ctrl+Alt+H</string>
	<string name="2605">빠른 필터</string>
	<string name="2606">필드 = 값</string>
	<string name="2607">필드 != 값</string>
	<string name="2608">필드 값</string>
	<string name="2609">필드 > 값</string>
	<string name="2610">필터 삭제</string>
	<string name="2611">열기</string>
	<string name="2612">삭제</string>
	<string name="2613">이름 변경</string>
	<string name="2614">탭</string>
	<string name="2615">닫기</string>
	<string name="2616">라인</string>
	<string name="2617">조인 유형</string>
	<string name="2618">내부 조인</string>
	<string name="2619">좌측 조인</string>
	<string name="2620">우측 조인</string>
	<string name="2621">그리드 메뉴</string>
	<string name="2622">세로 행 삽입</string>
	<string name="2623">세로 행 삭제</string>
	<string name="2624">모든 세로 행 지우기</string>
	<string name="2625">캔버스 메뉴</string>
	<string name="2626">테이블 추가...</string>
	<string name="2627">스키마 디자인 불러오기...</string>
	<string name="2628">캔버스를 사진으로 내보내기...</string>
	<string name="2629">확대</string>
	<string name="2630">페이지 브레이크 보기</string>
	<string name="2631">캔버스 인쇄...</string>
	<string name="2632">테이블 메뉴</string>
	<string name="2633">테이블 뷰</string>
	<string name="2634">스탠다드</string>
	<string name="2635">세로 행 이름만</string>
	<string name="2636">테이블 변경...</string>
	<string name="2637">인덱스 관리...</string>
	<string name="2638">관계/외래 키...</string>
	<string name="2639">테이블 삭제...</string>
	<string name="2640">데이터 베이스에서 테이블을 드롭</string>
	<string name="2641">세로 행 드롭...</string>
	<string name="2642">캔버스에서 테이블 삭제</string>
	<string name="2643">세로 행 재정렬...</string>
	<string name="2644">비어있는</string>
	<string name="2645">고급 속성 보기...</string>
	<string name="2646">관계 라인</string>
	<string name="2647">속성...</string>
	<string name="2648">관계 삭제...</string>
	<string name="2649">테이블 툴바 메뉴</string>
	<string name="2650">스탠다드 뷰</string>
	<string name="2651">세로 행 이름만</string>
	<string name="2652">테이블/뷰 추가...</string>
	<string name="2653">쿼리 디자인 불러오기...</string>
	<string name="2654">지우기</string>
	<string name="2655">지우기</string>
	<string name="2656">MySQL 호스트에 연결</string>
	<string name="2657">새...</string>
	<string name="2658">클론...</string>
	<string name="2659">저장</string>
	<string name="2660">이름 변경...</string>
	<string name="2661">저장된 연결</string>
	<string name="2662">MySQL 호스트 주소</string>
	<string name="2663">비밀번호 저장</string>
	<string name="2664">데이터 베이스</string>
	<string name="2665">비밀키</string>
	<string name="2666">(다중 데이터 베이스는 세미콜론 &apos;;&apos;으로 분리하십시오.
공백으로 둔 데이터 베이스는 모든 데이터 베이스를 표시합니다)</string>
	<string name="2667">URL</string>
	<string name="2668">타임아웃</string>
	<string name="2669">고급...</string>
	<string name="2670">(SQLyogTunnel.php는 설치 디렉토리에서 이용할 수 있습니다.
SQLyog 터널러를 노출시키고 싶지 않다면 이름을 변경할 수도 있습니다)</string>
	<string name="2671">SSH 터널링 사용</string>
	<string name="2672">SSH 호스트 주소</string>
	<string name="2673">SSH 포트</string>
	<string name="2674">공공 키</string>
	<string name="2675">비밀번호</string>
	<string name="2676">비밀번호 저장</string>
	<string name="2677">SSL 암호화 사용</string>
	<string name="2678">CA 인증서</string>
	<string name="2679">클라이언트 키</string>
</resources>