﻿<?xml version="1.0" encoding="utf-8"?>
<resources>
	<string name="1960">&amp;매핑:</string>
	<string name="1961">&amp;확인</string>
	<string name="1962">소스 컬럼:</string>
	<string name="1963">SQL WHERE</string>
	<string name="1964">&amp;파싱</string>
	<string name="1965">테이블에서 WHERE문을 만족하는 열만 동기화하도록 유효한 SQL WHERE문을 지정할 수 있습니다. 
(주의: 해당 절에 WHERE를 포함하면 안 됩니다)</string>
	<string name="1966">쿼리 실행 중 오류가 발생하였습니다.</string>
	<string name="1967">오류 쿼리</string>
	<string name="1968">설명</string>
	<string name="1969">데이터 불러오기를 계속하시겠습니까?</string>
	<string name="1970">&amp;예</string>
	<string name="1971">&amp;아니요</string>
	<string name="1972">SQLyog 등록하기</string>
	<string name="1973">&amp;이름</string>
	<string name="1974">라이센스 키</string>
	<string name="1975">등록하기...</string>
	<string name="1976">(주의: 라이센스 키는 대소문자를 정확히 입력해야 합니다)</string>
	<string name="1977">이 제품은 SQL 시험판입니다.</string>
	<string name="1978">만료 전 남은 일수:</string>
	<string name="1979">SQLyog를 구입하시려면 다음으로 방문하십시오:</string>
	<string name="1980">계속...</string>
	<string name="1981">나가기</string>
	<string name="1982">SQLyog ODBC 불러오기 마법사</string>
	<string name="1983">ODBC 불러오기 마법사 완료 중</string>
	<string name="1984">MySQL로 데이터를 불러오기 위해 필요한 정보를 성공적으로 지정하였습니다. 완료를 클릭하여 프로세스를 완료하십시오.</string>
	<string name="1985">SQL 스크립트를 파일로 저장하기</string>
	<string name="1986">즉시 실행하기</string>
	<string name="1987">데이터 불러오기...</string>
	<string name="1988">테이블 SQL 선언 생성하기</string>
	<string name="1989">기본 CREATE TABLE 선언을 조절할 수 있습니다. 그러나 한 번 선언을 조절하면 다음 컬럼 매핑에 대한 변경사항은 수동으로 포함해야 합니다.</string>
	<string name="1990">자동 생성</string>
	<string name="1991">목표로 FOREIGN_KEY_CHECKS=0 설정하기</string>
	<string name="1992">데이터베이스의 모든 테이블을 동기화하기</string>
	<string name="1993">전체 선택</string>
	<string name="1994">전체 선택 해제</string>
	<string name="1995">선택된 테이블만 동기화하기</string>
	<string name="1996">고급 속성</string>
	<string name="1997">새로고침</string>
	<string name="1998">프로세스 종료하기</string>
	<string name="1999">새로운 스케쥴 생성하기</string>
	<string name="2000">스케쥴 이름 입력하기</string>
	<string name="2001">데이터베이스 동기화 마법사 완료 중</string>
	<string name="2002">종료하기</string>
	<string name="2003">목표:</string>
	<string name="2004">출력은 다음 장소에 저장되었습니다.</string>
	<string name="2005">예정된 작업</string>
	<string name="2006">실행하기</string>
	<string name="2007">수정하기...</string>
	<string name="2008">삭제하기...</string>
	<string name="2009">SQLyog로 생성된 작업 관리하기.
주의: 작업을 생성하려면 각 작업 마법사를 사용하십시오</string>
	<string name="2010">무엇을 하시겠습니까?</string>
	<string name="2011">&amp;이메일 주소로 쿼리 결과를 보내기</string>
	<string name="2012">&amp;원래 쿼리 포함하기</string>
	<string name="2013">&amp;서버로부터 반환된 메시지 포함하기</string>
	<string name="2014">유지관리 쿼리 실행하기</string>
	<string name="2015">오류에 대한 메일 보내기</string>
	<string name="2016">오류를 어떻게 하시겠습니까?</string>
	<string name="2017">&amp;즉시 나가기</string>
	<string name="2018">&amp;다음 쿼리로 계속하기</string>
	<string name="2019">MySQL 접속 상세사항 지정하기</string>
	<string name="2020">&amp;MySQL 호스트 주소</string>
	<string name="2021">&amp;사용자이름</string>
	<string name="2022">포트</string>
	<string name="2023">&amp;HTTP 터널 이용하기</string>
	<string name="2024">다음으로부터 복사하기</string>
	<string name="2025">보낸 사람 정보</string>
	<string name="2026">이름으로부터</string>
	<string name="2027">이메일로</string>
	<string name="2028">이메일 응답하기</string>
	<string name="2029">받는 사람 정보</string>
	<string name="2030">이메일 보내기</string>
	<string name="2031">SMTP 서버 정보</string>
	<string name="2032">호스트</string>
	<string name="2033">암호화</string>
	<string name="2034">SMTP 서버는 인증을 필요로 합니다</string>
	<string name="2035">계정 이름</string>
	<string name="2036">테스트 설정...</string>
	<string name="2037">외부 SQL 파일로부터 실행하거나 쿼리 입력하기</string>
	<string name="2038">파일 선택하기</string>
	<string name="2039">파일 이름</string>
	<string name="2040">쿼리 입력하기</string>
	<string name="2041">테스트 수행하기</string>
	<string name="2042">고급 옵션</string>
	<string name="2043">단 방향 동기화</string>
	<string name="2044">목표 데이터베이스의 여분의 열을 삭제하지 않기</string>
	<string name="2045">양방향 동기화</string>
	<string name="2046">단방향 동기화에서는 소스 데이터베이스에서는 수정이 이루어지지 않습니다. 만약 &quot;목표 데이터의 여분의 열은 삭제하지 않기&quot;를 체크 해제하면 목표 데이터베이스의 여분의 열은 삭제됩니다.</string>
	<string name="2047">양방향 동기화는 소스에서 목표까지 양쪽으로 데이터를 전송할 수 있도록 합니다. 기본키가 상반되는 경우 소스의 데이터는 목표 데이터를 덮어씁니다.</string>
	<string name="2048">보내는 메일 서버</string>
	<string name="2049">로그인 정보</string>
	<string name="2050">사용자 정의</string>
	<string name="2051">이메일 제목 지정하기</string>
	<string name="2052">HTTP 응답</string>
	<string name="2053">구조와 데이터</string>
	<string name="2054">구조만</string>
	<string name="2055">&quot;CREATE 데이터베이스&quot; 선언 포함하기</string>
	<string name="2056">&quot;USE 데이터베이스&quot; 선언 포함하기</string>
	<string name="2057">&quot;DROP&quot; 선언 포함하기</string>
	<string name="2058">벌크 INSERT 선언을 생성하기</string>
	<string name="2059">완전한 INSERT 선언 생성하기</string>
	<string name="2060">지연된 선언문 삽입 생성하기</string>
	<string name="2061">내보내기</string>
	<string name="2062">DDL 옵션</string>
	<string name="2063">DML 옵션</string>
	<string name="2064">&amp;백업 파일 압축하기</string>
	<string name="2065">&amp;모든 객체에 대한 단일 파일</string>
	<string name="2066">각 객체에 대한 파일을 분리하기</string>
	<string name="2067">폴더 이름</string>
	<string name="2068">[주의: 이 옵션은 SQL 파일에 걸쳐 다중 테이블의 데이터를 백업할 수 있도록 합니다. SQLyog은 각 데이터베이스 객체에 대하여 obj_{objectname}.sql으로 이름 지어진 파일을 생성합니다.]</string>
	<string name="2069">타임스탬프와 함께 서브폴더 생성하기</string>
	<string name="2070">[주의: YYYY-MM-DD HH-MM-SS 이름으로 된 폴더가 위에 언급된 장소에 생성됩니다.]</string>
	<string name="2071">타임스탬프된 접두사 SQL 파일 이름</string>
	<string name="2072">기존 파일에 덮어쓰기</string>
	<string name="2073">기존 파일과 결합하기</string>
	<string name="2074">데이터를 배치 스크립트 마법사로 내보내기</string>
	<string name="2075">객체 선택하기</string>
	<string name="2076">모든 객체를 내보내기</string>
	<string name="2077">선택된 객체 내보내기</string>
	<string name="2078">청소 옵션</string>
	<string name="2079">덤프하기 전 로그 청소하기</string>
	<string name="2080">마스터 로그 청소하기</string>
	<string name="2081">슬레이브 로그 청소하기</string>
	<string name="2082">소스에 영향을 미치는 옵션</string>
	<string name="2083">테이블을 읽기위해 잠그기</string>
	<string name="2084">단일 트랜잭션</string>
	<string name="2085">파일로 기록된 옵션</string>
	<string name="2086">AUTOCOMMIT=0 설정하기</string>
	<string name="2087">캐릭터세트</string>
	<string name="2088">FOREIGN_KEY_CHECKS=0 설정하기</string>
	<string name="2089">INSERT 선언 주변 잠금 추가하기</string>
	<string name="2090">DISABLE/ENABLE 키를  INSERT 선언 주변에서 추가하기</string>
	<string name="2091">BULK INSERT 선언을 위한 최대 사이즈 (킬로바이트)</string>
	<string name="2092">조절하기</string>
	<string name="2093">내보내기 배치 작업하는 동안 (열에서의) 덩어리 크기 </string>
	<string name="2094">덩어리로 나누지 않습니다</string>
	<string name="2095">덩어리 사이즈</string>
	<string name="2096">열</string>
	<string name="2097">오류나면 중지하기</string>
	<string name="2098">이메일 알림</string>
	<string name="2099">오류 핸들링</string>
	<string name="2100">오류에서만</string>
	<string name="2101">언제든지</string>
	<string name="2102">HTTP 터널 설정</string>
	<string name="2103">프록시 서버 사용하기</string>
	<string name="2104">서버</string>
	<string name="2105">비밀번호</string>
	<string name="2106">인증서 사용하기</string>
	<string name="2107">HTTP 헤더</string>
	<string name="2108">콘텐트 종류</string>
	<string name="2109">데이터 스트림을 위해 항상 Base64 인코딩 사용</string>
	<string name="2110">&amp;기본값 초기화</string>
	<string name="2111">&amp;매핑</string>
	<string name="2112">데이터 소스로부터 테이블 복사하기</string>
	<string name="2113">전송할 데이터를 지정하기 위한 쿼리 사용하기</string>
	<string name="2114">SQLyog 마이그레이션 툴킷</string>
	<string name="2115">SQL 선언 입력하기</string>
	<string name="2116">SQL 파일 열기...</string>
	<string name="2117">테이블</string>
	<string name="2118">foreign_key_checks = 0 설정하기</string>
	<string name="2119">&amp;재생성</string>
	<string name="2120">다음으로부터 복사하기</string>
	<string name="2121">이름으로부터</string>
	<string name="2122">&amp;포트</string>
	<string name="2123">SMTP 서버는 인증을 필요로 합니다</string>
	<string name="2124">설정 테스트하기...</string>
	<string name="2125">이메일 제목 지정하기</string>
	<string name="2126">언제</string>
	<string name="2127">&amp;저장 &amp; 스케쥴</string>
	<string name="2128">작업 파일 다른 이름으로 저장하기</string>
	<string name="2129">저장하기; 스케쥴 정하기</string>
	<string name="2130">SQLyog 고급 테이블 옵션</string>
	<string name="2131">기본 TABLE 선언 속성을 조절할 수 있습니다</string>
	<string name="2132">목적 테이블 생성하기</string>
	<string name="2133">데이터 복사하기</string>
	<string name="2134">목적 테이블이 존재하는 경우 드롭하기</string>
	<string name="2135">데이터 교체하기</string>
	<string name="2136">목적 테이블이 존재하기 않는 경우 생성하기</string>
	<string name="2137">데이터 결합하기</string>
	<string name="2138">오류</string>
	<string name="2139">무시하기</string>
	<string name="2140">중지하기</string>
	<string name="2141">인덱스 불러오기</string>
	<string name="2142">외래 키 불러오기</string>
	<string name="2143">SQLyog 불러오기 마법사</string>
	<string name="2144">시간초과</string>
	<string name="2145">로컬 호스트</string>
	<string name="2146">오류 핸들링</string>
	<string name="2147">1</string>
	<string name="2148">데이터베이스 불러오기 마법사 완료 중</string>
	<string name="2149">작업 파일 지정하기:</string>
	<string name="2150">스케쥴 이름 지정하기:</string>
	<string name="2151">DDL/DML 옵션</string>
	<string name="2152">옵션 불러오기</string>
	<string name="2153">테이블 구조만 불러오기</string>
	<string name="2154">테이블 종류</string>
	<string name="2155">목표 지점에 테이블이 이미 존재하면,</string>
	<string name="2156">드롭하고 재생성하기</string>
	<string name="2157">기존 테이블로 불러오기</string>
	<string name="2158">중지하기</string>
	<string name="2159">테이블 내용 줄이기</string>
	<string name="2160">&amp;소스 상세사항 업데이트하기</string>
	<string name="2161">&amp;목표 데이터 보존하기</string>
	<string name="2162">모든 테이블에 대하여 변경사항 적용하기</string>
	<string name="2163">데이터 복제</string>
	<string name="2164">트리거 옵션</string>
	<string name="2165">소스 열 업데이트하기</string>
	<string name="2166">소스 열 삭제하기</string>
	<string name="2167">이 옵션은 열이 성공적으로 서버에 불려진 후에 소스 열 내에서 실행되는 트리거를 지정하게 합니다.</string>
	<string name="2168">이 옵션을 선택하면 소스로부터 불러온 열을 성공적으로 삭제할 것입니다</string>
	<string name="2169">작업 파일 지정하기</string>
	<string name="2170">스케쥴 이름 지정하기</string>
	<string name="2171">마법사가 성공적으로 완료되었습니다.</string>
	<string name="2172">직접 동기화</string>
	<string name="2173">스크립트 생성하기</string>
	<string name="2174">스크립트를 동기화하고 생성하기</string>
	<string name="2175">동기화 종류</string>
	<string name="2176">파일 이름</string>
	<string name="2177">테이블 추가하기</string>
	<string name="2178">데이터베이스:</string>
	<string name="2179">전체 선택/해제</string>
	<string name="2180">SysListView32</string>
	<string name="2181">부모 테이블 추가하기</string>
	<string name="2182">추가하기</string>
	<string name="2183">자식 테이블 추가하기</string>
	<string name="2184">테이블 로드를 할 수 없음</string>
	<string name="2185">테이블 이름</string>
	<string name="2186">데이터베이스 선택하기</string>
	<string name="2187">기존 데이터베이스를 선택하거나 새로운 데이터베이스 생성하기</string>
	<string name="2188">기존 데이터베이스 선택하기</string>
	<string name="2189">새로운 데이터베이스 생성하기</string>
	<string name="2190">계속하기</string>
	<string name="2191">취소</string>
	<string name="2192">모든 테이블 선택/해제</string>
	<string name="2193">선택된 테이블 생성하고 계속하기</string>
	<string name="2194">테이블을 생성하지 않고 계속하기</string>
	<string name="2195">스키마 파일에 있는 다음의 테이블은 현재 데이터베이스에서 가능하지 않습니다.</string>
	<string name="2196">동기화 안 된 테이블 구조</string>
	<string name="2197">데이터베이스에서 기존 테이블을 사용하기</string>
	<string name="2198">테이블 뛰어넘기</string>
	<string name="2199">남은 모든 테이블 뛰어넘기</string>
</resources>