﻿<?xml version="1.0" encoding="utf-8"?>
<resources>
	<string name="2680">고객 인증</string>
	<string name="2681">배경색</string>
	<string name="2682">포그라운드 색상</string>
	<string name="2683">(이 색상들은 이 연결에만 해당되는 오브젝트 브라우저에서 사용됩니다)</string>
	<string name="2684">SQL 모드</string>
	<string name="2685">전체값 사용</string>
	<string name="2686">연결</string>
	<string name="2687">테스트 연결</string>
	<string name="2688">SQL 덤프</string>
	<string name="2689">SQL로 내보내기</string>
	<string name="2690">데이터 베이스 이름</string>
	<string name="2691">오브젝트</string>
	<string name="2692">구조만</string>
	<string name="2693">데이터만</string>
	<string name="2694">구조 및 데이터</string>
	<string name="2695">파일로 내보내기</string>
	<string name="2696">읽기를 위해 테이블 잠금</string>
	<string name="2697">버리기 전에 로그 다시 불러오기</string>
	<string name="2698">단일 트랜젝션</string>
	<string name="2699">&quot;데이터 베이스 사용&quot;문 포함</string>
	<string name="2700">외래키 값=0 설정</string>
	<string name="2701">대량 삽입문 생성</string>
	<string name="2702">&quot;드롭&quot;문 포함</string>
	<string name="2703">확인</string>
	<string name="2704">예</string>
	<string name="2705">SQLyog의 키보드 바로가기</string>
	<string name="2706">데이터 베이스 및 테이블 선택</string>
	<string name="2707">모든 테이블 선택/선택 해제</string>
	<string name="2708">최적화...</string>
	<string name="2709">로컬</string>
	<string name="2710">검사...</string>
	<string name="2711">분석...</string>
	<string name="2712">로컬</string>
	<string name="2713">복구...</string>
	<string name="2714">빠른</string>
	<string name="2715">확장된</string>
	<string name="2716">Frm 사용</string>
	<string name="2717">로컬</string>
	<string name="2718">테이블 생성...	F4</string>
	<string name="2719">고급 속성...</string>
	<string name="2720">미리보기</string>
	<string name="2721">삽입</string>
	<string name="2723">로그</string>
	<string name="2724">호스트</string>
	<string name="2725">권한</string>
	<string name="2726">상태</string>
	<string name="2727">테이블</string>
	<string name="2728">읽기 잠금 테이블</string>
	<string name="2729">DES_KEY_FILE</string>
	<string name="2730">쿼리 캐시</string>
	<string name="2731">사용자_리소스</string>
	<string name="2732">모두</string>
	<string name="2733">NO_WRITE_TO_BINLOG 사용</string>
	<string name="2734">다시 불러오기</string>
	<string name="2735">SQL 템플릿</string>
	<string name="2736">SQL 명령어</string>
	<string name="2737">미리보기</string>
	<string name="2738">스키마 생성을 위해 테이블 선택</string>
	<string name="2739">테이블 복제</string>
	<string name="2740">모든 필드에</string>
	<string name="2741">인덱스에</string>
	<string name="2742">트리거에</string>
	<string name="2743">구조만</string>
	<string name="2744">구조 및 데이터</string>
	<string name="2745">목록1</string>
	<string name="2746">데이터 베이스 생성</string>
	<string name="2747">새 데이터 베이스 이름 입력</string>
	<string name="2748">생성</string>
	<string name="2749">관계 관리</string>
	<string name="2750">선택된 데이터 베이스 및 테이블의 외래 키 생성, 편집, 삭제</string>
	<string name="2751">존재하는 참조</string>
	<string name="2752">인덱스 생성 / 편집</string>
	<string name="2753">선택된 데이터 베이스 및 테이블의 인덱스 생성 및 편집</string>
	<string name="2754">인덱스 이름</string>
	<string name="2755">인덱스 옵션</string>
	<string name="2756">유니크</string>
	<string name="2757">전체 텍스트</string>
	<string name="2758">기본 키</string>
	<string name="2759">고급 테이블 속성</string>
	<string name="2760">체크섬</string>
	<string name="2761">자동 증가값</string>
	<string name="2762">평균 열 길이</string>
	<string name="2763">문자 인코딩</string>
	<string name="2764">대조</string>
	<string name="2765">주석</string>
	<string name="2766">최대 열</string>
	<string name="2767">최소 열</string>
	<string name="2768">지연 키 쓰기</string>
	<string name="2769">로우 포맷</string>
	<string name="2770">청크</string>
	<string name="2771">청크 크기</string>
	<string name="2772">블롭 필드 삽입/업데이트</string>
	<string name="2773">파일로 저장...</string>
	<string name="2774">파일에서 가져오기...</string>
	<string name="2775">눌 설정</string>
	<string name="2776">scintilla</string>
	<string name="2777">크기:</string>
	<string name="2778">파일에서 쿼리 실행</string>
	<string name="2779">SQL 배치 파일 안에 저장된 쿼리를 실행하십시오.
이 옵션은 배치 스크립트를 SQL 편집기로 불러오지 않고 실행할 때 유용합니다.</string>
	<string name="2780">현재 데이터 베이스 :</string>
	<string name="2781">실행할 파일</string>
	<string name="2782">확인</string>
	<string name="2783">탈출 문자를 지정</string>
	<string name="2784">탈출된</string>
	<string name="2785">종료된 라인</string>
	<string name="2786">필드</string>
	<string name="2787">고정 길이</string>
	<string name="2788">변수 길이</string>
	<string name="2789">종료된 필드</string>
	<string name="2790">인클로즈된 필드</string>
	<string name="2791">임의 선택</string>
	<string name="2792">대체된 널값</string>
	<string name="2793">행 이름 포함</string>
	<string name="2794">엑셀 값 채우기</string>
	<string name="2795">로컬 불러오기를 사용하여 CSV 데이터 가져오기</string>
	<string name="2796">CSV로 가져오기 위해 테이블 및 세로 행 선택</string>
	<string name="2797">구분 기호</string>
	<string name="2798">종료된 :</string>
	<string name="2799">탈출된 :</string>
	<string name="2800">라인</string>
	<string name="2801">변경...</string>
	<string name="2802">문자 인코딩</string>
	<string name="2803">기타 옵션</string>
	<string name="2804">낮은 우선순위</string>
	<string name="2805">컨커런트</string>
	<string name="2806">무시</string>
	<string name="2807">라인</string>
	<string name="2808">파일에서 가져오기</string>
	<string name="2809">가져오기...</string>
	<string name="2810">데이터 베이스 백업</string>
	<string name="2811">백업을 원하는 테이블 선택</string>
	<string name="2812">알림: 이 옵션은 MySQL 백업 테이블 옵션을 사용합니다. MylSAM 테이블만 백업이 실시됩니다. 다른 테이블 유형은 DB -> 데이터 베이스를 SQL 덤프 옵션으로 내보내기를 사용하십시오.</string>
	<string name="2813">백업</string>
	<string name="2814">데이터를 내보내려는 포맷을 선택</string>
	<string name="2815">CSV 옵션</string>
	<string name="2816">&lt;없음></string>
	<string name="2817">대체된 눌</string>
	<string name="2818">상단에 행 이름 추가</string>
	<string name="2819">변경...</string>
	<string name="2820">엑셀 옵션</string>
	<string name="2821">텍스트 행 크기 제한</string>
	<string name="2822">소수 자리</string>
	<string name="2823">SQL 옵션</string>
	<string name="2824">데이터만</string>
	<string name="2825">내보낼 필드 선택</string>
	<string name="2826">파일에 저장</string>
	<string name="2827">재정렬하시려면 위/아래 버튼을 사용하여 행 순서를 변경하시고 재정렬을 누르십시오</string>
	<string name="2828">재정렬</string>
	<string name="2829">데이터 베이스 복사</string>
	<string name="2830">이 옵션은 데이터 베이스/호스트 간의 오브젝트를 복사합니다.</string>
	<string name="2831">소스 {연결 - 데이터 베이스}</string>
	<string name="2832">이름:</string>
	<string name="2833">목표 {연결 - 데이터 베이스}</string>
	<string name="2834">알림: 다른 호스트에 복사하시려면, 파일 -> 새 연결을 사용하여 다중 호스트에 연결하십시오. 목표 데이터 베이스의 드롭다운 메뉴에는 모든 연결에 해당하는 모든 데이터 베이스가 나열됩니다.</string>
	<string name="2835">목표 안에 존재할 경우에 드롭</string>
	<string name="2836">대량 삽입 사용</string>
	<string name="2837">요약 보기</string>
	<string name="2838">이름</string>
	<string name="2839">인덱스 관리</string>
	<string name="2840">존재하는 인덱스</string>
	<string name="2841">관계 생성</string>
	<string name="2842">현재 테이블 (외래 키 테이블)</string>
	<string name="2843">참조된 테이블 (기본 키 테이블)</string>
	<string name="2844">인덱스...</string>
	<string name="2845">제약조건 이름</string>
	<string name="2846">삭제 시</string>
	<string name="2847">커스케이드</string>
	<string name="2848">널 설정</string>
	<string name="2849">액션 없음</string>
	<string name="2850">제한</string>
	<string name="2851">업데이트 시</string>
	<string name="2852">CSV로 데이터 내보내기</string>
	<string name="2853">CSV로 내보내려는 테이블 및 행 선택</string>
	<string name="2854">세로 행</string>
	<string name="2855">파일에 내보내기</string>
	<string name="2856">내보내기...</string>
	<string name="2857">( 알림: 다중 쿼리는 ;로 분리하십시오)</string>
	<string name="2858">구문 분석...</string>
	<string name="2859">사용자 이름</string>
	<string name="2860">비밀번호</string>
	<string name="2861">데이터 스트림을 위해 항상 베이스 64 인코딩 사용</string>
	<string name="2862">경고 보기...</string>
	<string name="2863">SQLyog - SQL 덤프 가져오기 오류</string>
	<string name="2864">오류 파일 열기...</string>
	<string name="2865">편집기</string>
	<string name="2866">폰트</string>
	<string name="2867">SQL 편집기</string>
	<string name="2868">변경...</string>
	<string name="2869">히스토리/정보</string>
	<string name="2870">블롭 뷰어</string>
	<string name="2871">주석</string>
	<string name="2872">스트링</string>
	<string name="2873">펑션</string>
	<string name="2874">키워드</string>
	<string name="2875">보통</string>
	<string name="2876">키워드</string>
	<string name="2877">탭</string>
	<string name="2878">탭 크기</string>
	<string name="2879">삽입 공간</string>
	<string name="2880">탭 유지</string>
	<string name="2881">모든 기본사항 복구</string>
	<string name="2882">탭 기본 설정 복구</string>
	<string name="2883">색상</string>
	<string name="2884">케이스</string>
	<string name="2885">SQLyou는 현재 SQL문을 사용자의 즐겨찾기 목록에 추가할 수 있습니다. 아니면, 사용자가 존재하는 SQL 파일에 링크를 추가할 수 있습니다.</string>
	<string name="2886">생성</string>
	<string name="2887">현재 SQL 편집기에서 쿼리 사용. 새 파일은 SQLyog 즐겨찾기 폴더 안에 생성됩니다.</string>
	<string name="2888">존재하는 SQL 파일에 링크 생성. 파일은 SQLyog 즐겨찾기 폴더에 복사되지 않습니다.</string>
	<string name="2889">새 폴더...</string>
	<string name="2890">새 폴더 생성</string>
	<string name="2891">SQLyog는 다음 폴더를 생성하게 됩니다. 이 폴더를 사용하여 즐겨찾기 목록 안에 바로가기를 관리할 수 있습니다.</string>
	<string name="2892">폴더 이름</string>
	<string name="2893">즐겨찾기 정리</string>
	<string name="2894">즐겨찾기 쿼리를 정리할 새 폴더를 생성하려면, 폴더 생성 버튼을 클릭하십시오. 항목의 이름을 변경하거나 삭제하려면, 항목을 선택하시고 이름 변경 또는 삭제를 클릭하십시오.</string>
	<string name="2895">폴더 생성</string>
	<string name="2896">폴더로 이동</string>
	<string name="2897">삭제</string>
	<string name="2898">커스텀1</string>
	<string name="2899">Scintilla</string>
	<string name="2900">폴더 탐색</string>
	<string name="2901">선택된 파일을 이동할 폴더를 선택:</string>
	<string name="2902">계속...</string>
	<string name="2903">구입</string>
	<string name="2904">데이터 베이스 이름</string>
	<string name="2905">데이터 베이스 문자 인코딩</string>
	<string name="2906">데이터 베이스 대조</string>
	<string name="2907">이 연결에 해당하는 설정은 특정 데이터 베이스 이름 상의 하나의 필터를 지정합니다. 생성된 새 데이터 베이스를 확인할 수 없습니다.</string>
	<string name="2908">실행된 SQL문</string>
	<string name="2909">오류 번호:</string>
	<string name="2910">텍스트 파일에 저장...</string>
	<string name="2911">SQLyou 엔터프라이즈/울티메이트 받기</string>
	<string name="2912">나중에</string>
	<string name="2913">이 기능은 SQLyou의 엔터프라이즈/울티메이트 버전에서 이용할 수 있습니다.</string>
	<string name="2914">이 기능을 포함하여 다양한 기능을 이용하시려면 SQLyou 엔터프라이즈/울티메이트를 받으십시오.</string>
	<string name="2915">지금 구매</string>
	<string name="2916">업데이트 사항 확인</string>
	<string name="2917">캡션</string>
	<string name="2918">다시 알림을 받지 않음</string>
	<string name="2919">기타</string>
</resources>