﻿<?xml version="1.0" encoding="utf-8"?>
<resources>
	<string name="3577">편집 내용 적용 (Ctrl+S)</string>
	<string name="3578">이전 다른 부분(Ctrl+P)</string>
	<string name="3579">다음 다른 부분 (Ctrl+N)</string>
	<string name="3580">테이블 선택 (Ctrl+T)</string>
	<string name="3581">비슷한 열 숨김 (Ctrl+H)</string>
	<string name="3582">원본 (Ctrl+L)</string>
	<string name="3583">대상 (Ctrl+R)</string>
	<string name="3584">대상으로 합치기 (Ctrl+Right)</string>
	<string name="3585">원본으로 합치기 (Ctrl+Left)</string>
	<string name="3586">이전 SQL (Ctrl+Q)</string>
	<string name="3587">편집 취소 (Ctrl+Z)</string>
	<string name="3588">선택한 변경 내용 되돌림 (Ctrl+Shift+Z)</string>
	<string name="3589">중단 (Ctrl+Enter)</string>
	<string name="3590">중단 (Ctrl+S)</string>
	<string name="3591">쿼리 실행%.*s</string>
	<string name="3592">비교 (Ctrl+Enter)</string>
	<string name="3593">일시정지 (Ctrl+P)</string>
	<string name="3594">일시정지 (Ctrl+N)</string>
 </resources>