﻿<?xml version="1.0" encoding="utf-8"?>
<resources>
	<string name="3160">다음 어커런스 찾기</string>
	<string name="3161">이전 탭으로 전환</string>
	<string name="3162">MySQL 사용자 관리</string>
	<string name="3163">언어 설정</string>
	<string name="3164">선택 된 쿼리 포맷</string>
	<string name="3165">현재 탭 닫기</string>
	<string name="3166">이전 탭으로 전환</string>
	<string name="3167">다음 탭으로 전환</string>
	<string name="3168">즐겨찾기 파일 열기</string>
	<string name="3169">데이터 검색 - 모든 데이터베이스를 통틀어 검색하는 가장 빠른 방법</string>
	<string name="3170">데이터 검색 - 검색 결과로 더욱 생산적인 작업 가능</string>
	<string name="3171">어떤 쿼리도 쓰지 않고 모든 데이터베이스 검색</string>
	<string name="3172">기초 구조에 상관없이 모든 데이터베이스 검색</string>
	<string name="3173">데이터 검색 - 한 번의 클릭으로 각각의 레코드를 탐색합니다</string>
	<string name="3174">데이터 검색 - 정규표현식으로 텍스트 패턴을 연결합니다</string>
	<string name="3175">폼 뷰 - 수동으로 데이터를 넣기 위한 가장 편한 방법</string>
	<string name="3176">폼 뷰 - 한 번에 한 열씩 쉽게 데이터를 열람</string>
	<string name="3177">선택 된 열 삭제</string>
	<string name="3178">변경 취소</string>
	<string name="3179">열 비우기</string>
	<string name="3180">NULL로 설정</string>
	<string name="3181">디폴트로 설정</string>
	<string name="3182">필터</string>
	<string name="3183">필드 &lt;> 값</string>
	<string name="3184">필드와 같은 %값</string>
	<string name="3185">필드와 같은 값%</string>
	<string name="3186">필드와 같은 %값%</string>
	<string name="3187">복사</string>
	<string name="3188">현재 열 복제</string>
	<string name="3189">히스토리를 클립보드에 복사(&amp;H)</string>
	<string name="3190">파일에 히스토리 저장(&amp;S)...	Ctrl+S</string>
	<string name="3191">객체 브라우저 색 바꾸기(&amp;T)...</string>
	<string name="3192">&amp;닫기	Alt+L</string>
	<string name="3193">메뉴</string>
	<string name="3194">쿼리를 클립보드에 복사(&amp;C)</string>
	<string name="3195">새로운 쿼리 탭으로 쿼리 복사(&amp;N)</string>
	<string name="3196">같은 쿼리 탭으로 쿼리 복사(&amp;S)</string>
	<string name="3197">현재 쿼리를 시용해 뷰 생성(&amp;Q)</string>
	<string name="3198">테이블 메뉴</string>
	<string name="3199">열기...	Ctrl+O</string>
	<string name="3200">생성 트리거(&amp;T)...	F4</string>
	<string name="3201">생성 이벤트(&amp;E)...	F4</string>
	<string name="3202">접속 탭</string>
	<string name="3203">연결 끊기(&amp;D)	Ctrl+F4</string>
	<string name="3204">뷰</string>
	<string name="3205">격자 뷰</string>
	<string name="3206">폼 뷰</string>
	<string name="3207">텍스트 뷰</string>
	<string name="3208">데이터 검색(&amp;R)	Ctrl+Shift+D</string>
</resources>