<?xml version="1.0" encoding="utf-8"?>
<resources>
	<string name="3629">오픈 세션 세이브포인트...	Ctrl+Shift+O</string>
	<string name="3630">세션을 저장...	Ctrl+Shift+S</string>
	<string name="3631">세션을 다음 이름으로 저장...</string>
	<string name="3632">세션을 종료	Ctrl+Shift+X</string>
	<string name="3633">세션 세이브포인트의 백업이 다음에 생성됨:</string>
	<string name="3634">참고: 다른 호스트로 복사를 원하시면, 파일 -> 새 연결을 사용해서 복수의 호스트에 연결하십시오. 연결 대상 드롭다운 메뉴에 모든 연결이 표시됩니다.</string>
	<string name="3635">연결</string>
	<string name="3636">현재 세션을 저장하시겠습니까?</string>
	<string name="3637">구매</string>
	<string name="3638">시도</string>
	<string name="3639">일 재판 왼쪽</string>
	<string name="3640">일 재판 왼쪽</string>
	<string name="3641">관련 트리거 복사</string>
	<string name="3642">현재 설정상태를 저장하시겠습니까?</string>
	<string name="3643">저장 옵션</string>
	<string name="3644">현재 설정을 추후에 사용하기 위해 작업파일로 저장하기.</string>
	<string name="3645">현재 설정내용을 작업 파일에 저장하고 계속 하시겠습니까 아니면 저장하지 않으시겠습니까?</string>
	<string name="3646">작업 파일 지정:</string>
	<string name="3647">가상성  </string>
	<string name="3648">표현   </string>
	<string name="3649">고급 옵션</string>
	<string name="3650">타임스탬프가 포함된 프리픽스</string>
	<string name="3651">오프젝트 당 파일</string>
	<string name="3652">LOAD LOCAL을 통해 &amp;XML 데이터 가져오기...	Ctrl+Shift+X</string>
	<string name="3653">XML을 불러오기 위해 테이블과 칼럼을 선택</string>
	<string name="3654">다음에 의해 식별된 열:</string>
	<string name="3655">바꾸기</string>
	
</resources>