﻿<?xml version="1.0" encoding="utf-8"?>
<resources>
	<string name="2920">기타</string>
	<string name="2921">사용자가 수정한 세로 행 넓이 유지</string>
	<string name="2922">최대 데이터 크기로 세로 행 헤더를 삭제</string>
	<string name="2923">새 항목이 선택될 때 &quot;정보&quot; 탭을 항상 선택</string>
	<string name="2924">&quot;스마트&quot; 키워드/펑션/기본 핸들링</string>
	<string name="2925">F5와 F9 기능 바꾸기</string>
	<string name="2926">오브젝트 브라우저 안에 &quot;테이블&quot; 폴더를 기본으로 열기</string>
	<string name="2927">업데이트 사항을 자동으로 확인</string>
	<string name="2928">데이터 표시/편집</string>
	<string name="2929">자동으로 테이블 데이터 탭을 새로 고침</string>
	<string name="2930">다중 행이 업데이트될 때 프롬프트</string>
	<string name="2931">결과 탭에 자동 페이지 기능 활성화</string>
	<string name="2932">기본 가로 열</string>
	<string name="2933">각 쿼리의 설정 기억</string>
	<string name="2934">툴바</string>
	<string name="2935">아이콘 크기</string>
	<string name="2936">일반</string>
	<string name="2937">역인용부호(`)를 사용하여 쿼리 생성</string>
	<string name="2938">쿼리 실행 후에 SQL 편집기에 포커스 유지</string>
	<string name="2939">변경 사항이 저장되지 않은 탭이 닫힐 때 프롬프트</string>
	<string name="2940">더블 클릭으로 오브젝트 이름을 편집기에 붙여넣기</string>
	<string name="2941">SQL 편집기와 BLOG 뷰어에 워드랩 기능 활성화</string>
	<string name="2942">배치 프로세스의 트랜젝션 지원 활성화</string>
	<string name="2943">HTTP 배치 프로세스를 가져오는 동안 FK 체크를 강제로 비활성화</string>
	<string name="2944">메시지 탭에서 경고 보기</string>
	<string name="2945">내보내기 옵션</string>
	<string name="2946">기본 서버 받기</string>
	<string name="2947">청크로 나누지 마십시오</string>
	<string name="2948">청크 크기</string>
	<string name="2949">파워툴</string>
	<string name="2950">파워툴 옵션</string>
	<string name="2951">자동완성 기능 활성화</string>
	<string name="2952">SQL 편집기의 자동완성 기능 도움말 보기</string>
	<string name="2953">시작 시 태그 파일 항상 재빌드</string>
	<string name="2954">SQL 편집기에 입력 시 제안 사항 보기</string>
	<string name="2955">태그 디렉토리</string>
	<string name="2956">쿼리 프로파일러 활성화</string>
	<string name="2957">프로필 보기</string>
	<string name="2958">상태 변수</string>
	<string name="2959">결과를 설명</string>
	<string name="2960">세부 정보를 설명</string>
	<string name="2961">SQL 포매터</string>
	<string name="2962">SQL 포매터 옵션</string>
	<string name="2963">테이블과 세로 행의 목록 스타일</string>
	<string name="2964">스택되지 않음</string>
	<string name="2965">스택됨</string>
	<string name="2966">라인브레이크</string>
	<string name="2967">콤마 앞에</string>
	<string name="2968">콤마 뒤에</string>
	<string name="2969">들여쓰기</string>
	<string name="2970">공란들</string>
	<string name="2971">비어있는 데이터 베이스</string>
	<string name="2972">db1</string>
	<string name="2973">데이터 베이스에서 삭제하려는 오브젝트를 선택</string>
	<string name="2974">SQL 미리보기</string>
	<string name="2975">Enum/세트</string>
	<string name="2976">값</string>
	<string name="2977">값 순서 변경</string>
	<string name="2978">값 입력</string>
	<string name="2979">대체하기</string>
	<string name="2980">제거</string>
	<string name="2981">SQLyou 울티메이트 받기</string>
	<string name="2982">이 기능은 SQLyog의 울티메이트 버전에서 이용하실 수 있습니다.</string>
	<string name="2983">이 기능을 비롯하여 다양한 기능을 활성화하시려면 지금 SQLyog 울티메이트를 받으십시오.</string>
	<string name="2984">오브젝트 브라우저 색상</string>
	<string name="2985">백그라운드 색상</string>
	<string name="2986">포그라운드 색상</string>
	<string name="2987">크기 그리퍼</string>
	<string name="2988">사용자</string>
	<string name="2989">권한을 가진 오브젝트만 보기</string>
	<string name="2990">사용자 삭제</string>
	<string name="2991">새 사용자 추가</string>
	<string name="2992">도움말</string>
	<string name="2993">문맥 도움말</string>
	<string name="2994">비밀번호 재입력</string>
	<string name="2995">시간당 최대 쿼리 숫자</string>
	<string name="2996">msctls_updown32</string>
	<string name="2997">시간당 최대 업데이트 내용 숫자</string>
	<string name="2998">시간당 최대 연결 숫자</string>
	<string name="2999">최대 사용자 연결 숫자</string>
	<string name="3000">알림 - 권한을 부여/취소하기 위해 오브젝트를 선택해 주십시오</string>
	<string name="3001">(알림 - 0은 무제한을 의미)</string>
	<string name="3002">모두 선택/선택 해제</string>
	<string name="3003">커스텀 필터</string>
	<string name="3004">필드 이름</string>
	<string name="3005">조건</string>
	<string name="3006">값</string>
	<string name="3007">UI 언어 선택</string>
	<string name="3008">언어</string>
	<string name="3009">다이얼로그</string>
	<string name="3010">가로 열을 제한</string>
	<string name="3011">첫 가로 열</string>
	<string name="3012">가로 열의 #</string>
	<string name="3013">필터</string>
	<string name="3014">버튼 드롭 다운</string>
	<string name="3015">선택</string>
	<string name="3016">검색 필터</string>
	<string name="3017">데이터 유형</string>
	<string name="3018">모두 선택</string>
	<string name="3019">수 - int/decimal/double/float</string>
	<string name="3020">스트링 - (var)char/set/enum</string>
	<string name="3021">바이너리 - (var)바이너리/비트</string>
	<string name="3022">날짜/시간</string>
	<string name="3023">텍스트</string>
	<string name="3024">BLOB</string>
	<string name="3025">위</string>
	<string name="3026">아래</string>
	<string name="3027">템플릿</string>
	<string name="3028">선택물을 잘라 클립보드에 이동</string>
	<string name="3029">현재 선택물을 클립보드에 복사</string>
	<string name="3030">현재 삽입 지점에 클립보드 내용을 삽입</string>
	<string name="3031">마지막 액션 취소</string>
	<string name="3032">오브젝트 브라우저 새로 고침</string>
	<string name="3033">테이블의 올바른 SQL 삽입문 생성</string>
	<string name="3034">쿼리 실행</string>
	<string name="3035">이전에 취소했던 액션 재실행</string>
	<string name="3036">현재 창에 있는 모든 텍스트 선택</string>
	<string name="3037">특정 텍스트 검색</string>
	<string name="3038">특정 텍스트를 검색하고 이를 다른 텍스트로 대체</string>
	<string name="3039">오브젝트 브라우저 보이기 또는 숨기기</string>
	<string name="3040">다른 이름으로 내보내기...(Ctrl+Shift+E)</string>
	<string name="3041">겹친 창으로 배열</string>
	<string name="3042">창을 타일 형식으로 배열</string>
	<string name="3043">프로그램 정보와 저작권 표시</string>
	<string name="3044">선택된 쿼리 실행</string>
	<string name="3045">모든 쿼리 실행</string>
	<string name="3046">데이터 베이스의 스키마를 HTML로 생성</string>
	<string name="3047">최근 파일 없음</string>
	<string name="3048">결과 창 보이기 또는 숨기기</string>
	<string name="3049">데이트 베이스 안에 선택된 테이블 사본 만들기</string>
	<string name="3050">선택된 테이블의 세로 행 재정렬</string>
	<string name="3051">테이블 진단</string>
	<string name="3052">데이터 베이스 오브젝트를 다른 호스트/데이터 베이스에 복사</string>
	<string name="3053">SQL 편집기 보이기 또는 숨기기</string>
	<string name="3054">결과 세트 실행 및 편집</string>
	<string name="3055">값 보기</string>
	<string name="3056">SQLyog 작업 에이전트의 작업을 관리</string>
	<string name="3057">선택된 테이블의 관계 관리</string>
	<string name="3058">소스 데이터 베이스 안에 모든 테이블을 동기화하려면 [모두]를 선택하십시오. 데이터 비교를 위해 모든 행이나 특정 행을 선택할 수 있습니다. 또한, 비교되고 있는 필터 열에 where 절을 지정할 수 있습니다.</string>
	<string name="3059">테이블을 다른 호스트/데이터 베이스에 복사</string>
	<string name="3060">내보내려는 데이터 베이스를 선택</string>
	<string name="3061">모든 데이터 베이스 또는 선택된 데이터 베이스를 내보낼 수 있습니다.</string>
	<string name="3062">단일 파일 안에 덤프를 생성할 것인지 하나의 디렉토리 안에 다중 파일을 생성할 것인지 지정하십시오</string>
	<string name="3063">SQL문에서 가져오기</string>
	<string name="3064">현재 선택된 저장 프로시저를 변경</string>
	<string name="3065">현재 선택된 저장 프로시적를 드롭</string>
	<string name="3066">현재 선택된 펑션을 변경</string>
	<string name="3067">현재 선택된 펑션을 드롭</string>
	<string name="3068">현재 선택된 트리거를 드롭</string>
	<string name="3069">현재 선택된 뷰의 뷰 구조 변경</string>
	<string name="3070">현재 선택된 테이블 상에 새 트리거 생성</string>
	<string name="3071">현재 선택된 트리거 변경</string>
	<string name="3072">새 SQL 편집기 추가</string>
	<string name="3073">현재 선택된 뷰 이름 변경</string>
	<string name="3074">현재 선택된 트리거 이름 변경</string>
	<string name="3075">특정 라인 상에 커서 위치</string>
	<string name="3076">테이블의 올바른 SQL 선택문 생성</string>
	<string name="3078">현재 SQL 편집기 닫기</string>
	<string name="3079">테이블 데이터를 CSV/HTML/XML/SQL문으로 내보내기</string>
	<string name="3080">다른 이름으로 뷰 데이터 내보내기...</string>
	<string name="3081">세로 행 관리</string>
	<string name="3082">테이블의 인덱스 생성</string>
	<string name="3083">테이블의 인덱스 편집</string>
	<string name="3084">데이터 베이스 변경</string>
	<string name="3085">새 이벤트 생성</string>
	<string name="3086">현재 선택된 이벤트 변경</string>
	<string name="3087">현재 선택된 이벤트를 드롭</string>
	<string name="3088">현재 선택된 이벤트 이름 변경</string>
	<string name="3089">왜 프로페셔널/엔터프라이즈/울티메이트로 업그레이드해야 할까요? 예약 작업 기능으로 백업, 데이터 동기화와 같은 중요 작업의 일정을 정할 수 있습니다</string>
	<string name="3090">시작과 종료 시 내그 스크린 없애기</string>
	<string name="3091">SQLyou의 기능 광고 없애기</string>
	<string name="3092">스마트한 MySQL 매니지먼트를 위한 여러 종류의 파워툴 포함됨</string>
	<string name="3093">일 년 동안 제한 없는 프리미어 이메일 지원받기</string>
	<string name="3094">비쥬얼 스키마 디자이너를 사용하여 스키마 생성</string>
	<string name="3095">드래그 앤 드랍을 사용하여 관계 생성</string>
	<string name="3096">비쥬얼 스키마 디자이너를 사용하여 데이터 베이스 스키마를 리버스 엔지니어링 하기</string>
	<string name="3097">비쥬얼 스키마 디자이너 사용하여 팀 내에서 스키마 디자인 공유</string>
	<string name="3098">비쥬얼 스키마 디자이너를 사용하여 데이터 베이스 스키마를 인쇄</string>
	<string name="3099">비쥬얼 쿼리 빌더를 사용하여 쿼리 구축</string>
	<string name="3100">비쥬얼 쿼리 빌더를 사용하여 빠르게 SQL 생성</string>
	<string name="3101">세로 행 이름을 기억할 필요없이 SQL문을 생성</string>
	<string name="3102">드래그 앤 드랍을 사용하여 컴플렉스 쿼리 빌드</string>
	<string name="3103">스마트한 자동완성 기능을 사용하여 쿼리를 10배 빠르게 쓰기</string>
	<string name="3104">스마트한 자동완성 기능은 테이블과 세로 행 가명을 완벽하게 지원합니다</string>
	<string name="3105">빠르고 정확한 SQL을 위한 코드 완성 제공</string>
	<string name="3106">스마트한 자동완성 기능은 키워드 포맷과 세로 행 피커를 제공합니다</string>
	<string name="3107">스마트한 자동완성 기능으로 인해 타이핑 시간이 크게 감소됩니다</string>
	<string name="3108">MySQL 데이터 베이스 스키마를 비교 및 동기화</string>
	<string name="3109">데이터 베이스 자동 비교</string>
	<string name="3110">지루한 작업 시간을 단축하고 수동 스크립트 오류를 줄여보십시오</string>
	<string name="3111">스키마 동기화 스크립트 생성</string>
	<string name="3112">데이터 베이스 스냅샷을 찍고 이를 비교해 보십시오; 감사 증적에 유용합니다</string>
	<string name="3113">스키마 변경 사항 히스토리를 생성하십시오, 데이터 베이스 버저닝에 적합합니다</string>
	<string name="3114">개발 MYSQL에서 테스트 MySQL, 생산 My SQL까지 스키마 변경 사항을 적용</string>
	<string name="3115">스키마 동기화 도구는 두 개 이상의 스키마를 완벽하게 동기화합니다</string>
	<string name="3116">데이터 동기화 도구를 사용하여 두 개의 데이터 베이스 내용을 비교</string>
	<string name="3117">데이트 동기화 도구를 사용하여 자동으로 데이터 동기화</string>
	<string name="3118">데이터 동기화 일정을 예약할 수 있습니다</string>
	<string name="3119">데이터 동기화 기능으로 호스트 MySQL 데이터를 바로 백업할 수 있습니다</string>
	<string name="3120">데이터 동기화 도구는 변경 사항을 감지하는 알고리즘을 기본으로 하는 체크섬을 사용합니다</string>
	<string name="3121">데이트 동기화 도구를 통해 사용자의 데이터 성공적으로 이주되었는지 확인할 수 있습니다</string>
	<string name="3122">데이터 동기화 툴로 백업을 비교하여 감사 증적을 생성할 수 있습니다</string>
	<string name="3123">데이터 동기화 툴을 통하여 테이블, 세로 열, 가로 행 수준에서 손실된 데이터를 복구할 수 있습니다</string>
	<string name="3124">데이터 동기화 도구를 통하여 레플리케이션 문제를 해결할 수 있습니다</string>
	<string name="3125">직접 연결이 허용되지 않아도 MySQL에 연결할 수 있도록 HTTP/SSH 터널링을 사용하십시오</string>
	<string name="3126">HTTP/SSH 터널링으로 번거로운 phpMyAdmin 페이지 새로 고침에서 벗어날 수 있습니다</string>
	<string name="3127">엑셀, 엑세스, CSV 파일에서 데이터를 바로 가져오기</string>
	<string name="3128">모든 ODBC 컴플라이언트 데이터 소스로부터 스키마와 데이터를 가져오기</string>
	<string name="3129">예약된 간격으로 외부 데이터 가져오기</string>
	<string name="3130">일정대로 외부 데이터를 가져오기 위해 상태 업데이트를 이메일로 수신</string>
	<string name="3131">수백 개의 세로 행과 수백만 개의 가로 열을 포함하는 외부 데이터 가져오기</string>
	<string name="3132">예약 백업은 백업 인터페이스의 마법사를 제공합니다</string>
	<string name="3133">백업을 위해 암호화된 명령어 도구를 배울 필요가 없습니다</string>
	<string name="3134">예약 백업 기능으로 걱정을 덜 수 있습니다</string>
	<string name="3135">사용자의 인박스로 바로 전달되는 예약 쿼리의 결과 세트 얻기</string>
	<string name="3136">알림 서비스를 사용하여 예약 간격으로 유지 보수 쿼리를 실행</string>
	<string name="3137">예약 작업 기능으로 백업, 데이터 동기화와 같은 중요 작업의 일정을 정할 수 있습니다.</string>
	<string name="3138">SQL 포매터는 향상된 가독성과 유지 보수를 위해 SQL을 포맷합니다</string>
	<string name="3139">SQL 포매터는 사용자의 SQL 코드를 깔끔하게 정리해줍니다</string>
	<string name="3140">SQL 포매터는 사용자의 SQL 코드를 &apos;보기 좋게&apos; 정리해줍니다</string>
	<string name="3141">쿼리 프로파일러로 SQL 문제를 확인할 수 있습니다</string>
	<string name="3142">쿼리 프로파일러로 SQL을 세밀하게 조정할 수 있습니다</string>
	<string name="3143">쿼리 프로파일러로 올바른 인덱스를 생성할 수 있습니다</string>
	<string name="3144">쿼리 프로파일러로 쿼리를 분석하고 이를 최적화 할 수 있습니다</string>
	<string name="3145">쿼리 프로파일러는 쿼리를 실행하는 각 단계에서 사용되는 시간을 정확하게 보고합니다.</string>
	<string name="3146">쿼리 프로파일러로 향상된 SQL을 작성할 수 있습니다</string>
	<string name="3147">쿼리 프로파일러로 인덱스가 효과적으로 사용되고 있는지를 확인할 수 있습니다</string>
	<string name="3148">쿼리 프로파일러로 응용 프로그램의 전반적인 반응 시간을 향상시킬 수 있습니다</string>
	<string name="3149">선택된 쿼리 포맷</string>
	<string name="3150">모든 쿼리 포맷</string>
	<string name="3151">현재 쿼리 포맷</string>
	<string name="3152">압축된 백업 생성 및 디스크 공간 절약</string>
	<string name="3153">스키마 옵티마이저로 최적의 세로 행 유형을 결정할 수 있습니다</string>
	<string name="3154">스키마 옵티마이저로 메모리와 디스크 공간을 절약할 수 있습니다</string>
	<string name="3155">스키마 옵티마이저는 더 많은 데이터를 메모리에 맞추기 때문에 반응 시간이 향상됩니다</string>
	<string name="3156">트리거 생성</string>
	<string name="3157">이벤트 생성</string>
	<string name="3158">존재하는 사용자 이름 변경</string>
	<string name="3159">SQL문을 포함하는 파일 선택</string>
</resources>