﻿<?xml version="1.0" encoding="utf-8"?>
<resources>
	<string name="3577">实施更改 (Ctrl+S)</string>
	<string name="3578">上一处差别 (Ctrl+P)</string>
	<string name="3579">下一处差别 (Ctrl+N)</string>
	<string name="3580">选择一个表格 (Ctrl+T)</string>
	<string name="3581">隐藏类似的行 (Ctrl+H)</string>
	<string name="3582">源 (Ctrl+L)</string>
	<string name="3583">目标 (Ctrl+R)</string>
	<string name="3584">合并至目标 （Ctrl+Right)</string>
	<string name="3585">合并至源头 (Ctrl+Left)</string>
	<string name="3586">预览 SQL (Ctrl+Q)</string>
	<string name="3587">还原更改 (Ctrl+Z)</string>
	<string name="3588">还原所选更改 (Ctrl+Shift+Z)</string>
	<string name="3589">停止 (Ctrl+Enter)</string>
	<string name="3590">停止 (Ctrl+S)</string>
	<string name="3591">执行质询%.*s</string>
	<string name="3592">比较 (Ctrl+Enter)</string>
	<string name="3593">暂停 (Ctrl+P)</string>
	<string name="3594">暂停 (Ctrl+N)</string>
</resources>