﻿<?xml version="1.0" encoding="utf-8"?>
<resources>
	<string name="1960">&amp;匹配：</string>
	<string name="1961">&amp;确定</string>
	<string name="1962">数据源列：</string>
	<string name="1963">SQL语句的WHERE</string>
	<string name="1964">&amp;段落</string>
	<string name="1965">你可以为表指定一个正确的SQL WHERE查询语句，只同步那些含有WHERE语句的行。
（注：不包括在查询语句中的WHERE）</string>
	<string name="1966">当执行一个查询的时候发生错误。</string>
	<string name="1967">错误查询</string>
	<string name="1968">描述</string>
	<string name="1969">你想继续导入数据吗？</string>
	<string name="1970">&amp;是</string>
	<string name="1971">&amp;否</string>
	<string name="1972">注册SQLyog</string>
	<string name="1973">&amp;名称</string>
	<string name="1974">证书密钥</string>
	<string name="1975">&amp;注册...</string>
	<string name="1976">（注：证书密钥区分大小写）</string>
	<string name="1977">这是SQLyog的试用版</string>
	<string name="1978">距离过期的天数：</string>
	<string name="1979">购买SQLyog访问：</string>
	<string name="1980">继续...</string>
	<string name="1981">&amp;退出</string>
	<string name="1982">SQLyog ODBC导入向导</string>
	<string name="1983">完成ODBC导入向导</string>
	<string name="1984">您已成功指定导入数据到MySQL所需要的信息。单击“完成”以完成该过程。</string>
	<string name="1985">在文件中保存SQL脚本</string>
	<string name="1986">立即运行</string>
	<string name="1987">导入数据...</string>
	<string name="1988">创建SQL表语句</string>
	<string name="1989">你可以自定义默认创建表的语句。然而，一旦你已定制的语句，你必须手动改变包括任何后续列映射。</string>
	<string name="1990">&amp;自动生成</string>
	<string name="1991">&amp;设置目标的FOREIGN_KEY_CHECKS=0</string>
	<string name="1992">在数据库中同步所有表</string>
	<string name="1993">选择所有</string>
	<string name="1994">取消所有选择</string>
	<string name="1995">仅同步选择的表</string>
	<string name="1996">高级属性</string>
	<string name="1997">&amp;刷新</string>
	<string name="1998">&amp;杀死进程</string>
	<string name="1999">创建新的时间表</string>
	<string name="2000">输入时间表名称</string>
	<string name="2001">正在完成数据同步向导</string>
	<string name="2002">&amp;中止</string>
	<string name="2003">目标：</string>
	<string name="2004">输出被保存在</string>
	<string name="2005">计划任务</string>
	<string name="2006">执行</string>
	<string name="2007">&amp;编辑...</string>
	<string name="2008">&amp;删除...</string>
	<string name="2009">管理由SQLyog创建的任务。
注：使用各自的任务向导创建任务</string>
	<string name="2010">你想做什么？</string>
	<string name="2011">&amp;发送查询结果到一个电子邮件地址</string>
	<string name="2012">包括&amp;原查询</string>
	<string name="2013">包括&amp;从服务器返回的信息</string>
	<string name="2014">执行维护查询语句</string>
	<string name="2015">在发生错误时发送邮件</string>
	<string name="2016">你想如何处理数据？</string>
	<string name="2017">立即退出</string>
	<string name="2018">继续执行下一个查询语句</string>
	<string name="2019">指定MySQL连接细节</string>
	<string name="2020">&amp;MySQL主机地址</string>
	<string name="2021">&amp;用户名</string>
	<string name="2022">端口</string>
	<string name="2023">使用HTTP管道</string>
	<string name="2024">拷贝来自于</string>
	<string name="2025">发送者信息</string>
	<string name="2026">从姓名</string>
	<string name="2027">&amp;从电子邮件</string>
	<string name="2028">&amp;回复邮件</string>
	<string name="2029">接受者信息</string>
	<string name="2030">&amp;发送邮件</string>
	<string name="2031">SMTP服务器信息</string>
	<string name="2032">&amp;主机</string>
	<string name="2033">&amp;封装</string>
	<string name="2034">&amp;SMTP服务器请求授权</string>
	<string name="2035">&amp;帐户名</string>
	<string name="2036">测试选项</string>
	<string name="2037">执行一个外部SQL文件或输入查询语句</string>
	<string name="2038">&amp;选择文件</string>
	<string name="2039">&amp;文件名</string>
	<string name="2040">输入查询语句</string>
	<string name="2041">&amp;执行测试</string>
	<string name="2042">高级选项</string>
	<string name="2043">&amp;单向同步</string>
	<string name="2044">&amp;不要在目标数据库删除额外的行</string>
	<string name="2045">&amp;双向同步</string>
	<string name="2046">在使用单向同步时，源数据库不会被修改。如果你不选中“在目标数据库中不删除多余行”的复选框的话，在目标数据库中多余的行将被删除。</string>
	<string name="2047">双向同步允许你从源传输数据到目标，反之亦然。当主键有冲突时，源数据将覆盖目标数据。</string>
	<string name="2048">发送邮件服务器</string>
	<string name="2049">登录信息</string>
	<string name="2050">用户定义</string>
	<string name="2051">指定电子邮件标题</string>
	<string name="2052">HTTP响应</string>
	<string name="2053">&amp;结构和数据</string>
	<string name="2054">只有结构</string>
	<string name="2055">包括“CREATE database”语句</string>
	<string name="2056">包括“USE database”语句</string>
	<string name="2057">包括“&amp;DROP”语句</string>
	<string name="2058">生成bulk INSERT语句</string>
	<string name="2059">生成完整的INSERT语句</string>
	<string name="2060">生成 INSERT DELAYED语句</string>
	<string name="2061">输出</string>
	<string name="2062">DDL选项</string>
	<string name="2063">DML选项</string>
	<string name="2064">压缩（zip）备份文件</string>
	<string name="2065">&amp;对所有项目中的简单文件</string>
	<string name="2066">为每一个项目分离文件</string>
	<string name="2067">文件夹名</string>
	<string name="2068">［注：这个选项允许你跨越SQL文件来备份多个表。对于每个数据对象SQLyog将自动生成一个名为 obj_{objectname}. 的SQL语句。］</string>
	<string name="2069">&amp;使用时间戳生成一个子文件夹</string>
	<string name="2070">［注：一个名称为YYYY-MM-DD HH-MM-SS的新文件夹将在上面提到的位置被创建。］</string>
	<string name="2071">&amp;用时间戳作为SQL文件的前缀</string>
	<string name="2072">&amp;覆盖既存文件</string>
	<string name="2073">&amp;附加于存在的文件上</string>
	<string name="2074">使用批处理脚本向导来导出数据</string>
	<string name="2075">选择对象</string>
	<string name="2076">导出所有对象</string>
	<string name="2077">导出选择的项目</string>
	<string name="2078">Flush选项</string>
	<string name="2079">刷新日志之前的转储</string>
	<string name="2080">刷新主日志</string>
	<string name="2081">刷新子日志</string>
	<string name="2082">选项在源数据上有效</string>
	<string name="2083">锁定表为只读</string>
	<string name="2084">单事务</string>
	<string name="2085">把选项写进文件</string>
	<string name="2086">设置AUTOCOMMIT=0</string>
	<string name="2087">字符集</string>
	<string name="2088">设置 FOREIGN_KEY_CHECKS=0</string>
	<string name="2089">在INSERT语句附近添加lock</string>
	<string name="2090">在INSERT语句周围添加DISABLE/ENABLE键</string>
	<string name="2091">在BULK INSERT语句中使用最大尺寸（KB）</string>
	<string name="2092">定制尺寸</string>
	<string name="2093">在脚本输出时为行分块 </string>
	<string name="2094">不要侵入块</string>
	<string name="2095">压缩尺寸</string>
	<string name="2096">行</string>
	<string name="2097">&amp;发生错误时退出</string>
	<string name="2098">&amp;邮件提醒</string>
	<string name="2099">错误处理</string>
	<string name="2100">&amp;只在发生错误时</string>
	<string name="2101">每次</string>
	<string name="2102">HTTP通道设置</string>
	<string name="2103">使用代理服务器</string>
	<string name="2104">&amp;服务器</string>
	<string name="2105">密码</string>
	<string name="2106">使用证书</string>
	<string name="2107">HTTP头</string>
	<string name="2108">内容类型</string>
	<string name="2109">始终对数据流使用&amp;Base64编码</string>
	<string name="2110">&amp;清除默认值</string>
	<string name="2111">&amp;匹配</string>
	<string name="2112">从数据源拷贝&amp;表</string>
	<string name="2113">用一个查询语句指定传送的数据</string>
	<string name="2114">SQLyog移植工具</string>
	<string name="2115">输入SQL语句</string>
	<string name="2116">&amp;打开SQL文件...</string>
	<string name="2117">表</string>
	<string name="2118">设置 foreign_key_checks = 0</string>
	<string name="2119">&amp;重新生成</string>
	<string name="2120">拷贝来源于</string>
	<string name="2121">从名称</string>
	<string name="2122">&amp;端口</string>
	<string name="2123">SMTP服务器需要认证</string>
	<string name="2124">测试设置...</string>
	<string name="2125">指定电子邮件标题</string>
	<string name="2126">何时</string>
	<string name="2127">&amp;保存时间表</string>
	<string name="2128">保存为任务文件</string>
	<string name="2129">保存并写入时间表</string>
	<string name="2130">SQLyog高级表选项</string>
	<string name="2131">你可以定制默认表查询语句的属性</string>
	<string name="2132">&amp;创建目标表</string>
	<string name="2133">拷贝数据</string>
	<string name="2134">如果存在，就删除目标表</string>
	<string name="2135">&amp;替换数据</string>
	<string name="2136">如果不存在就创建目标表</string>
	<string name="2137">附加数据</string>
	<string name="2138">在错误上</string>
	<string name="2139">&amp;忽略</string>
	<string name="2140">&amp;退出</string>
	<string name="2141">导入索引</string>
	<string name="2142">导入外键</string>
	<string name="2143">SQLyog导入向导</string>
	<string name="2144">超时</string>
	<string name="2145">本地</string>
	<string name="2146">错误处理</string>
	<string name="2147">1</string>
	<string name="2148">正在完成数据库导入向导</string>
	<string name="2149">指定任务文件：</string>
	<string name="2150">指定时间表名称：</string>
	<string name="2151">DDL／DML选项</string>
	<string name="2152">导入选项</string>
	<string name="2153">仅导入数据结构</string>
	<string name="2154">&amp;表类型</string>
	<string name="2155">如果在目标数据库中表已经存在，那么</string>
	<string name="2156">&amp;删除并重新创建</string>
	<string name="2157">&amp;导入到既存数据表</string>
	<string name="2158">中止</string>
	<string name="2159">截取表的内容</string>
	<string name="2160">&amp;使用源数据的细节进行更新</string>
	<string name="2161">&amp;保持目标数据</string>
	<string name="2162">把修改应用到所有表</string>
	<string name="2163">在冗余数据上</string>
	<string name="2164">触发器选项</string>
	<string name="2165">更新源数据行</string>
	<string name="2166">删除源数据行</string>
	<string name="2167">这个选项允许你指定触发器，这些触发器会在一行数据成功导入服务器以后触发</string>
	<string name="2168">选择这一选项将会成功的删除从数据源导入的数据行</string>
	<string name="2169">指定任务文件</string>
	<string name="2170">指定时间表名称</string>
	<string name="2171">向导成功完成</string>
	<string name="2172">&amp;直接同步</string>
	<string name="2173">&amp;生成脚本</string>
	<string name="2174">&amp;同步和生成脚本</string>
	<string name="2175">同步类型</string>
	<string name="2176">文件名</string>
	<string name="2177">添加表</string>
	<string name="2178">数据库：</string>
	<string name="2179">&amp;选择／取消所有</string>
	<string name="2180">SysListView32</string>
	<string name="2181">添加父表</string>
	<string name="2182">&amp;添加</string>
	<string name="2183">添加子表</string>
	<string name="2184">无法装载表</string>
	<string name="2185">表名</string>
	<string name="2186">选择数据库</string>
	<string name="2187">选择一个存在的数据库或创建一个新的数据库</string>
	<string name="2188">&amp;选择既存的数据库</string>
	<string name="2189">创建新数据库</string>
	<string name="2190">&amp;继续</string>
	<string name="2191">取消</string>
	<string name="2192">&amp;选择／非选择所有表</string>
	<string name="2193">创建选择的表并继续</string>
	<string name="2194">继续而不创建任何表</string>
	<string name="2195">在当前数据库中下列被表示在概要文件中的表不可用。</string>
	<string name="2196">表结构未同步</string>
	<string name="2197">&amp;在数据库中使用既存表</string>
	<string name="2198">&amp;忽略表</string>
	<string name="2199">忽略所有剩下的表</string>
</resources>