﻿<?xml version="1.0" encoding="utf-8"?>
<resources>
	<string name="3300">高级功能</string>
	<string name="3301">/*数据库：%s*/</string>
	<string name="3302">格式：</string>
	<string name="3303">文本/详细</string>
	<string name="3304">选择的颜色</string>
	<string name="3305">默认</string>
	<string name="3306">自动对比度</string>
	<string name="3308">/*服务器信息 -</string>
	<string name="3309">/*表信息*/</string>
	<string name="3310">表（%d）</string>
	<string name="3311">/*查看信息*/</string>
	<string name="3312">查看（%d）</string>
	<string name="3313">/*过程信息*/</string>
	<string name="3314">过程（%d）</string>
	<string name="3315">/*函数信息*/</string>
	<string name="3316">函数（%d）</string>
	<string name="3317">/*触发器信息*/</string>
	<string name="3318">触发器（%d）</string>
	<string name="3319">/*DDL 信息 - %s*/</string>
	<string name="3320">列（%d）</string>
	<string name="3321">&amp;nbsp;表: %s</string>
	<string name="3322">通过读取现有数据查找该表的最佳数据类型。&lt;a href=&quot;optimizer_help &quot; target=&quot;_blank&quot;> 详细了解&lt;/a></string>
	<string name="3323">索引(%d)</string>
	<string name="3324">DDL 信息</string>
	<string name="3325">/*存储的过程: %s*/</string>
	<string name="3326">&amp;nbsp;存储过程: %s</string>
	<string name="3327">查看信息</string>
	<string name="3328">&amp;nbsp;查看: %s</string>
	<string name="3330">执行查询（F5）</string>
	<string name="3331">创建新连接（Ctrl+M）</string>
	<string name="3332">执行全部查询（Shift+F5）</string>
	<string name="3333">执行并编辑结果集（F8）</string>
	<string name="3336">新建查询编辑器（Ctrl+T）</string>
	<string name="3337">刷新对象浏览器（F9）</string>
	<string name="3338">用户管理器（Ctrl+U）</string>
	<string name="3339">备份数据库为SQL转储（Ctrl+Alt+E）</string>
	<string name="3340">执行SQL脚本（Ctrl+Shift+Q）</string>
	<string name="3341">将数据库复制到其他主机/数据库</string>
	<string name="3342">导出表数据（Ctrl+Alt+C）</string>
	<string name="3343">管理索引（F7）</string>
	<string name="3344">关系/外键（F10）</string>
	<string name="3345">关闭</string>
	<string name="3346">事件</string>
	<string name="3347">视图</string>
	<string name="3348">存储过程</string>
	<string name="3349">函数</string>
	<string name="3350">触发器</string>
	<string name="3351">索引</string>
	<string name="3352">事件（%d）</string>
	<string name="3353">执行查询（F9）</string>
	<string name="3354">执行所有的查询 (Shift+F9)</string>
	<string name="3355">升级到专业版/企业版/旗舰版的原因：</string>
	<string name="3356">停止执行</string>
	<string name="3357">刷新对象浏览器（F5）</string>
	<string name="3358">信息</string>
	<string name="3359">&amp;信息	Ctrl+Shift+I</string>
	<string name="3360">&amp;历史记录	Ctrl+Shift+H</string>
</resources>