﻿<?xml version="1.0" encoding="utf-8"?>
<resources>
	<string name="3160">查找下一项</string>
	<string name="3161">切换到上一个选项卡</string>
	<string name="3162">管理 MySQL 用户</string>
	<string name="3163">更换语言</string>
	<string name="3164">设置所选查询的格式</string>
	<string name="3165">关闭当前选项卡</string>
	<string name="3166">切换到上一个选项卡</string>
	<string name="3167">切换到下一个选项卡</string>
	<string name="3168">打开收藏的文件</string>
	<string name="3169">数据搜索 - 搜索所有数据库最简单的方法</string>
	<string name="3170">数据搜索 - 通过搜索获得最高工作效率</string>
	<string name="3171">无需编写任何查询即可针对所有数据库进行搜索</string>
	<string name="3172">无需关注底层结构即可针对所有数据库进行搜索</string>
	<string name="3173">数据搜索 - 一次点击即可搜索并找到所需记录</string>
	<string name="3174">数据搜索 - 通过正则表达式用任何文字模式进行匹配</string>
	<string name="3175">表单视图 - 手工输入数据最便利的方法</string>
	<string name="3176">表单视图 - 方便地浏览所有数据，一次一行</string>
	<string name="3177">删除所选行</string>
	<string name="3178">取消改动</string>
	<string name="3179">设置为空字符串</string>
	<string name="3180">设置为 NULL</string>
	<string name="3181">设置为默认值</string>
	<string name="3182">筛选器</string>
	<string name="3183">字段值</string>
	<string name="3184">字段类 %值</string>
	<string name="3185">字段类值%</string>
	<string name="3186">字段类%值%</string>
	<string name="3187">复制</string>
	<string name="3188">为当前行创建副本</string>
	<string name="3189">复制历史纪录到剪贴板</string>
	<string name="3190">保存历史记录到文件...Ctrl+S</string>
	<string name="3191">更改对象浏览器颜色...</string>
	<string name="3192">关闭	Alt+L</string>
	<string name="3193">菜单</string>
	<string name="3194">复制查询到剪贴板</string>
	<string name="3195">复制查询到新查询选项卡</string>
	<string name="3196">复制查询到同一个查询选项卡</string>
	<string name="3197">使用当前查询新建视图</string>
	<string name="3198">目录菜单</string>
	<string name="3199">打开...	Ctrl+O</string>
	<string name="3200">创建触发器...	F4</string>
	<string name="3201">创建活动	F4</string>
	<string name="3202">连接选项卡</string>
	<string name="3203">断开	Ctrl+F4</string>
	<string name="3204">视图</string>
	<string name="3205">网格视图</string>
	<string name="3206">表单视图</string>
	<string name="3207">文字视图</string>
	<string name="3208">数据搜索	Ctrl+Shift+D</string>
</resources>