﻿<?xml version="1.0" encoding="utf-8"?>
<resources>
	<string name="2920">杂项</string>
	<string name="2921">记住用户修改的列&amp;宽度</string>
	<string name="2922">截断&amp;列标头到最大的数据尺寸</string>
	<string name="2923">当一个&amp;新项目被选择时，总是选择“信息”标签</string>
	<string name="2924">“智能”&amp; 关键词/功能/默认值处理</string>
	<string name="2925">&amp; 开关F5和F9功能</string>
	<string name="2926">&amp;在对象浏览器中默认打开“表格”文件夹</string>
	<string name="2927">自动地检查&amp;更新</string>
	<string name="2928">数据显示/编辑</string>
	<string name="2929">自动地&amp;集中刷新表格数据选项卡</string>
	<string name="2930">&amp; 多行更新后进行提示</string>
	<string name="2931">在结果选项卡中启&amp;用自动翻页</string>
	<string name="2932">&amp;默认行</string>
	<string name="2933">记住每一个&amp;查询的设置</string>
	<string name="2934">工具栏</string>
	<string name="2935">图标尺&amp;寸</string>
	<string name="2936">概述</string>
	<string name="2937">利用重音号(`)生成 &amp; 查询</string>
	<string name="2938">查询执行后继续&amp;聚焦于SQL编辑</string>
	<string name="2939">关闭一个未保存的更改标签的提示</string>
	<string name="2940">双击粘贴对象名称在&amp;编辑器中</string>
	<string name="2941">在SQL编辑器和BLOB查看器中启用&amp;自动换行</string>
	<string name="2942">为了&amp;批处理启用事务支持</string>
	<string name="2943">HTTP导入批进程时，强制关闭F&amp;K检查</string>
	<string name="2944">&amp;在消息选项卡显示警告</string>
	<string name="2945">导出选项</string>
	<string name="2946">&amp;使服务器恢复默认值</string>
	<string name="2947">&amp;不要闯进块区</string>
	<string name="2948">&amp;块区大小</string>
	<string name="2949">强力的工具</string>
	<string name="2950">系统工具选项</string>
	<string name="2951">&amp;启用自动完成</string>
	<string name="2952">&amp;在SQL编辑器中显示自动完成帮助</string>
	<string name="2953">启动时总是&amp;重建标签文件</string>
	<string name="2954">当你在SQL编辑器里打字时显示&amp;提示</string>
	<string name="2955">标签目录</string>
	<string name="2956">启用&amp;查询分析器</string>
	<string name="2957">显示个人资料</string>
	<string name="2958">状态&amp;变量</string>
	<string name="2959">解&amp;释结果</string>
	<string name="2960">解释扩展&amp;信息</string>
	<string name="2961">SQL格式程序</string>
	<string name="2962">SQL格式程序选项</string>
	<string name="2963">表和列的列表样式</string>
	<string name="2964">&amp;堆栈</string>
	<string name="2965">&amp;堆栈</string>
	<string name="2966">换行符</string>
	<string name="2967">&amp;逗号前</string>
	<string name="2968">逗号&amp;后</string>
	<string name="2969">&amp;缩进</string>
	<string name="2970">空格</string>
	<string name="2971">空数据库</string>
	<string name="2972">数据库1</string>
	<string name="2973">选择你想要从数据库中删除的对象</string>
	<string name="2974">SQL预览</string>
	<string name="2975">枚举/集</string>
	<string name="2976">值&amp;s</string>
	<string name="2977">改变值顺序</string>
	<string name="2978">输入&amp;值</string>
	<string name="2979">&amp;替换</string>
	<string name="2980">移&amp;除</string>
	<string name="2981">获得旗舰版SQLyog</string>
	<string name="2982">此功能在旗舰版的SQLyog中可以使用</string>
	<string name="2983">今天就获得SQLyog旗舰版来激活这一功能和很多其他很棒的功能</string>
	<string name="2984">对象浏览器的颜色</string>
	<string name="2985">背景&amp;颜色</string>
	<string name="2986">&amp;前台颜色</string>
	<string name="2987">尺寸控制器</string>
	<string name="2988">用&amp;户</string>
	<string name="2989">只显示有&amp;特权的对象</string>
	<string name="2990">&amp;删除用户</string>
	<string name="2991">添加&amp;新用户</string>
	<string name="2992">帮&amp;助</string>
	<string name="2993">上下文帮助</string>
	<string name="2994">再一次输入密&amp;码</string>
	<string name="2995">每小时&amp;查询数目最大值</string>
	<string name="2996">msctls_updown32</string>
	<string name="2997">每小时更新数目最大&amp;值</string>
	<string name="2998">每小时连接数目最大&amp;值</string>
	<string name="2999">用户连&amp;接最大值</string>
	<string name="3000">注解—请选择一个对象来授权/撤销特权</string>
	<string name="3001">（注解—0方法无限制）</string>
	<string name="3002">选择/取消选择&amp;全部</string>
	<string name="3003">自定义过滤</string>
	<string name="3004">&amp;字段名</string>
	<string name="3005">&amp;条件</string>
	<string name="3006">&amp;值</string>
	<string name="3007">选择UI（用户界面）语言</string>
	<string name="3008">语&amp;言</string>
	<string name="3009">对话</string>
	<string name="3010">限&amp;行</string>
	<string name="3011">&amp;第一列</string>
	<string name="3012">&amp;行的#</string>
	<string name="3013">过&amp;滤</string>
	<string name="3014">下拉按钮</string>
	<string name="3015">选&amp;择</string>
	<string name="3016">搜寻过滤器</string>
	<string name="3017">数据类型</string>
	<string name="3018">选择&amp;全部</string>
	<string name="3019">&amp;数值类型—整型/浮点型/双精度浮点型/单精度浮点型</string>
	<string name="3020">&amp; 字符串 – (变量)字符/集/枚举</string>
	<string name="3021">二元&amp; y – (变量)二进制/比特</string>
	<string name="3022">&amp;日期/时间</string>
	<string name="3023">&amp; 文本</string>
	<string name="3024">&amp; BLOB</string>
	<string name="3025">向上</string>
	<string name="3026">向下</string>
	<string name="3027">模板</string>
	<string name="3028">剪切和移动选项到剪切板</string>
	<string name="3029">复制当前选项到剪切板</string>
	<string name="3030">在当前的插入点插入剪切板中的内容</string>
	<string name="3031">撤销最近的一个动作</string>
	<string name="3032">刷新对象浏览器</string>
	<string name="3033">为表建立一个有效的SQL插入命令</string>
	<string name="3034">执行查询</string>
	<string name="3035">再次执行先前撤销的动作</string>
	<string name="3036">选择当前窗口中所有的文本</string>
	<string name="3037">寻找特定的文本</string>
	<string name="3038">寻找特定的文本并用不同的文本替换它</string>
	<string name="3039">显示或者隐藏对象浏览器</string>
	<string name="3040">导出为... (Ctrl+Shift+E)</string>
	<string name="3041">重叠排列窗口</string>
	<string name="3042">平铺窗口</string>
	<string name="3043">显示项目信息和版权</string>
	<string name="3044">执行所选的查询</string>
	<string name="3045">执行所有查询</string>
	<string name="3046">在HTML模式下为数据库建立架构</string>
	<string name="3047">没有最近的文件</string>
	<string name="3048">显示或者隐藏结果窗口</string>
	<string name="3049">在数据库中复制一份所选表格</string>
	<string name="3050">重排选中表的列</string>
	<string name="3051">表格诊断</string>
	<string name="3052">将数据库对象复制到另一个主机/数据库</string>
	<string name="3053">显示或隐藏SQL编辑器</string>
	<string name="3054">执行并编辑数据集</string>
	<string name="3055">显示数值</string>
	<string name="3056">为SQL作业代理管理作业</string>
	<string name="3057">管理选中表格的关系</string>
	<string name="3058">选择[ALL]使所有源数据库里的表格同步。你可以选择所有的列或特定列来对比数据。你还可以一句where从句来过滤正在对比的行</string>
	<string name="3059">复制表格到另一个主机/数据库</string>
	<string name="3060">选择您想要输入的数据库</string>
	<string name="3061">你可以输出所有的数据库或被选中的数据库</string>
	<string name="3062">选择您想要输入的数据库
Schema Optimizer （架构优化程序）有助于匹配更多数据到内存从而改进响应时间
&amp;条件</string>
	<string name="3063">从SQL语句输入</string>
	<string name="3064">改变当前选中的存储过程</string>
	<string name="3065">放弃目前的存储过程</string>
	<string name="3066">改变目前选中功能</string>
	<string name="3067">放弃当前选中的功能</string>
	<string name="3068">选择一个包含SQL语句的文件</string>
	<string name="3069">改变当前选中视图的视图结构</string>
	<string name="3070">在现在选择的表中建立一个新触发器</string>
	<string name="3071">修改现在选择的触发器</string>
	<string name="3072">增加一个新的SQL编辑器</string>
	<string name="3073">重命名现在选择的视图</string>
	<string name="3074">重命名现在所选择的触发器</string>
	<string name="3075">放置鼠标在特定的线上</string>
	<string name="3076">为表格建立一个有效的SQL选择语句</string>
	<string name="3078">关闭当前SQL编辑器</string>
	<string name="3079">导出表格数据作为CSV/HTML/XML/SQL语句</string>
	<string name="3080">导出视图数据作为…</string>
	<string name="3081">管理列</string>
	<string name="3082">为表格建立索引</string>
	<string name="3083">为表格编辑索引</string>
	<string name="3084">更改数据库</string>
	<string name="3085">建立以个新事件</string>
	<string name="3086">修改当前事件</string>
	<string name="3087">放弃当前选定的事件</string>
	<string name="3088">重命名当前选定的事件</string>
	<string name="3089">为什么更新到专业/企业/旗舰版？计划任务允许你预定重要的任务，如备份，数据同步等</string>
	<string name="3090">在启动和关闭时没有烦人的屏幕出现。</string>
	<string name="3091">没有广告来展示SQLyog的功能</string>
	<string name="3092">包含很多为了智能MySQL管理而准备的强力工具</string>
	<string name="3093">获得一年无限制的高级的电邮支持</string>
	<string name="3094">使用可视架构设计器可视化的建立架构</string>
	<string name="3095">用简单的拖拽功能界面创建关系</string>
	<string name="3096">反转功能使用Visual Schema Designer（可视化架构设计器）来管理你的数据库</string>
	<string name="3097">在团队中用Visual Schema Designer（可视化架构设计器）来分享架构设计</string>
	<string name="3098">用Visual Schema Designer（可视化架构设计器）打印数据库架构</string>
	<string name="3099">用Visual Query Builder来创建可视化查询</string>
	<string name="3100">用可视化查询生成器更快地建立SQL</string>
	<string name="3101">可视化创建SQL语句无需记住列名</string>
	<string name="3102">用拖拽界面建立复合查询</string>
	<string name="3103">用Smart Autocomplete（智能自动完成功能）写查询快10倍</string>
	<string name="3104">Smart Autocomplete（智能自动完成功能）拥有对表格和列的别名的完美支持</string>
	<string name="3105">为快速，精确的SQL提供智能代码完成</string>
	<string name="3106">Smart Autocomplete（智能自动完成功能）提供关键字格式化以及列选择器</string>
	<string name="3107">Smart Autocomplete（智能自动完成功能）大大降低你的打字时间</string>
	<string name="3108">比较并同步MYSQL数据库架构</string>
	<string name="3109">自动化的数据库比较</string>
	<string name="3110">节省繁琐的工作时间并消除手工脚本错误</string>
	<string name="3111">生成同步脚本的架构</string>
	<string name="3112">利用数据库快照快速比较，作用于审计跟踪</string>
	<string name="3113">产生架构改变历史，使数据库版本控制理想化</string>
	<string name="3114">将从发展MYSQL到测试MYSQL的架构变化应用到MYSQL产品中</string>
	<string name="3115">Schema Sync tool 在完全同步中产生两个或更多架构</string>
	<string name="3116">用Data Sync Tool（数据同步工具）比较两个数据库的内容</string>
	<string name="3117">用Data Sync Tool（数据同步工具）自动同步您的数据</string>
	<string name="3118">数据同步可预定</string>
	<string name="3119">数据同步允许您对您的托管MYSQL数据作即时备份</string>
	<string name="3120">Data Sync Tool（数据同步工具）用基于算法的智能校验来检测变化</string>
	<string name="3121">数据同步工具帮助你确认你的数据迁移成功</string>
	<string name="3122">数据同步工具通过对照备份，帮助你创建一个审计线索</string>
	<string name="3123">数据同步工具帮助恢复在表，行或者列级别中丢失和被破坏的数据</string>
	<string name="3124">数据同步工具帮助检验你所犯的重复问题</string>
	<string name="3125">如果直接连接不被允许的话，使用HTTP/SSH隧道来连接MySQL</string>
	<string name="3126">HTTP/SSH隧道允许你处理恼人的phpMyAdmin页面刷新</string>
	<string name="3127">直接从Excel，Access和CSV文件中导入数据</string>
	<string name="3128">从任一个符合ODBC的数据源中导入架构和数据</string>
	<string name="3129">在预定的间隔导入外部数据</string>
	<string name="3130">通过电邮来接收为了外部数据的预定导入的状态更新</string>
	<string name="3131">导入包含数百列和数百万行的外部数据</string>
	<string name="3132">计划的备份提供一个驱动界面进行备份向导</string>
	<string name="3133">为了备份不用去学习神秘的命令行工具</string>
	<string name="3134">计划的备份给你思想上的平静</string>
	<string name="3135">得到预定的查询结果集并正确投递到您的收件箱</string>
	<string name="3136">使用通知服务在预定时间间隔运行维护查询</string>
	<string name="3137">计划的工作允许你计划重要的工作，如备份，数据同步等</string>
	<string name="3138">SQL格式化程序设计SQL的板式有更好的的阅读性和维护性</string>
	<string name="3139">SQL格式化程序使你的SQL代码立刻变漂亮</string>
	<string name="3140">SQL格式化程序使你的代码显得更漂亮</string>
	<string name="3141">查询探查器帮助你确认问题SQL</string>
	<string name="3142">查询探查器帮助你微调SQL</string>
	<string name="3143">查询探查器帮助你建立正确的索引</string>
	<string name="3144">查询探查器分析查询并帮助你优化他们</string>
	<string name="3145">查询探查器报告在执行每一个查询阶段时花费的精确时间</string>
	<string name="3146">查询分析器帮助你写出更好的SQL语句</string>
	<string name="3147">查询探查器识别索引是否被有效地使用</string>
	<string name="3148">查询分析器帮助你改善所有应用程序的响应时间</string>
	<string name="3149">格式化选中的查询</string>
	<string name="3150">格式化所有查询</string>
	<string name="3151">格式化当前查询</string>
	<string name="3152">创建压缩备份以节省磁盘空间</string>
	<string name="3153">Schema Optimizer （架构优化程序）帮助您确定最佳列类型</string>
	<string name="3154">Schema Optimizer （架构优化程序）帮助您节省内存和磁盘空间</string>
	<string name="3155">Schema Optimizer （架构优化程序）有助于匹配更多数据到内存从而改进响应时间</string>
	<string name="3156">创建触发器</string>
	<string name="3157">创建一个事件</string>
	<string name="3158">重命名现有用户</string>
	<string name="3159">选择一个包含SQL语句的文件</string>
</resources>