﻿<?xml version="1.0" encoding="utf-8"?>
<resources>
	<string name="2440">&amp;撤销	Ctrl+Z</string>
	<string name="2441">&amp;重做	Ctrl+Y</string>
	<string name="2442">剪&amp;切	Ctrl+X</string>
	<string name="2443">&amp;复制	Ctrl+C</string>
	<string name="2444">&amp;粘贴	Ctrl+V</string>
	<string name="2445">从文件&amp;插入;...</string>
	<string name="2446">选择&amp;全部	Ctrl+A</string>
	<string name="2447">&amp;查找...	Ctrl+F</string>
	<string name="2448">查找下一个	F3</string>
	<string name="2449">&amp;替换...	Ctrl+H</string>
	<string name="2450">转到	Ctrl+G</string>
	<string name="2451">列/出全部标记	Ctrl+ Space</string>
	<string name="2452">列出匹配标记	Ctrl+Enter</string>
	<string name="2453">显/示标签w 结果/表格数据/数据设置于文本	Ctrl+L</string>
	<string name="2454">隐藏对象 浏览器	Ctrl+Shift+1</string>
	<string name="2455">隐藏结果窗/格	Ctrl+Shift+2</string>
	<string name="2456">隐藏 SQL编辑器	Ctrl+Shift+3</string>
	<string name="2457">切换至上一个制表符	Ctrl+PgUp</string>
	<string name="2458">切换至下一个制表符	Ctrl+PgDown</string>
	<string name="2459">高级</string>
	<string name="2460">选择; 大写	Ctrl+Shift+U</string>
	<string name="2461">选择； 小写	Ctrl+Shift+L</string>
	<string name="2462">注释选定内容	Ctrl+Shift+C</string>
	<string name="2463">删除所选内容注释	Ctrl+Shift+R</string>
	<string name="2464">收藏夹</string>
	<string name="2465">添加到收藏夹	Ctrl+Shift+F</string>
	<string name="2466">整理收藏夹</string>
	<string name="2467">刷新收藏夹</string>
	<string name="2468">将数据库复制到不同的主机/数据库</string>
	<string name="2469">创建数据库	Ctrl+D</string>
	<string name="2470">&amp;改变数据库...	F6</string>
	<string name="2471">创/建</string>
	<string name="2472">表...</string>
	<string name="2473">视图</string>
	<string name="2474">存储过程</string>
	<string name="2475">函数</string>
	<string name="2476">&amp;触发器...</string>
	<string name="2477">&amp;事件...</string>
	<string name="2478">更多数据库&amp;操作</string>
	<string name="2479">&amp;删除数据库...	Del</string>
	<string name="2480">&amp;截位数据库...	Shift+Del</string>
	<string name="2481">&amp;空数据库...</string>
	<string name="2482">&amp;备份/导出</string>
	<string name="2483">&amp;计划备份...	Ctrl+Alt+S</string>
	<string name="2484">&amp;备份数据库，转储到SQL...	Ctrl+Alt+E</string>
	<string name="2485">&amp;导入</string>
	<string name="2486">导入&amp;外部数据...	Ctrl+Alt+O</string>
	<string name="2487">&amp;执行SQL脚本...	Ctrl+Shift+Q</string>
	<string name="2488">在&amp;创建数据库架构HTML...	Ctrl+Shift+Alt+S</string>
	<string name="2489">&amp;粘贴SQL语句</string>
	<string name="2490">&amp;插入到 &lt;表名>...	Alt+Shift+I</string>
	<string name="2491">&amp;更新 &lt;表名> 设置...	Alt+Shift+U</string>
	<string name="2492">&amp;从&lt;删除;表名>...	Alt+Shift+D</string>
	<string name="2493">&amp;从...选择&lt;col-1>...&lt;col-n>	Alt+Shift+S</string>
	<string name="2494">&amp;将表复制到不同的主机/数据库...</string>
	<string name="2495">&amp;打开表	F11</string>
	<string name="2496">创建&amp;表	F4</string>
	<string name="2497">&amp;改变表	F6</string>
	<string name="2498">管理索引	F7</string>
	<string name="2499">关/系/外键	F10</string>
	<string name="2500">更多&amp;表操作</string>
	<string name="2501">重命名表</string>
	<string name="2502">截/断表	Shift+Del</string>
	<string name="2503">从数据库删除表	Del</string>
	<string name="2504">重新排序列	Ctrl+Alt+R</string>
	<string name="2505">复制表格/结构/数据</string>
	<string name="2506">视图 表格属性</string>
	<string name="2507">空白</string>
	<string name="2508">备份表作为SQL转储	Ctrl+Alt+E</string>
	<string name="2509">导出表数据作为	Ctrl+Alt+C</string>
	<string name="2510">导入使用本地加载的CSV数据	Ctrl+Shift+M</string>
	<string name="2511">创建触/发器	F4</string>
	<string name="2512">其他</string>
	<string name="2513">删除 &amp;删除列...	Del</string>
	<string name="2514">&amp;管理列...	F6</string>
	<string name="2515">索引</string>
	<string name="2516">创建索引...	F4</string>
	<string name="2517">编辑索引	F6</string>
	<string name="2518">删除索引	Del</string>
	<string name="2519">视图</string>
	<string name="2520">创建&amp;视图...	F4</string>
	<string name="2521">&amp;改变视图...	F6</string>
	<string name="2522">&amp;删除视图...	Del</string>
	<string name="2523">&amp;重命名视图	F2</string>
	<string name="2524">&amp;导出视图...</string>
	<string name="2525">查看&amp;数据</string>
	<string name="2526">&amp;存储过程</string>
	<string name="2527">创建&amp;存储过程...	F4</string>
	<string name="2528">&amp;改变存储过程...	F6</string>
	<string name="2529">&amp;删除存储过程...	Del</string>
	<string name="2530">&amp;函数</string>
	<string name="2531">创建&amp;函数...	F4</string>
	<string name="2532">&amp;改变函数...	F6</string>
	<string name="2533">&amp;删除函数...	Del</string>
	<string name="2534">&amp;触发器</string>
	<string name="2535">&amp;改变触发器...	F6</string>
	<string name="2536">&amp;删除触发器...	Del</string>
	<string name="2537">&amp;重命名触发器	F2</string>
	<string name="2538">&amp;事件</string>
	<string name="2539">&amp;创建事件...	F4</string>
	<string name="2540">&amp;改变事件...	F6</string>
	<string name="2541">&amp;放置事件...	Del</string>
	<string name="2542">&amp;重命名事件	F2</string>
	<string name="2543">&amp;工具</string>
	<string name="2544">&amp;导出表中所有数据行/结果...	Ctrl+Shift+E</string>
	<string name="2545">执行&amp;SQL脚本...	Ctrl+Shift+Q</string>
	<string name="2546">&amp;划掉...	Ctrl+Alt+F</string>
	<string name="2547">&amp;诊断表...	Ctrl+Alt+T</string>
	<string name="2548">&amp;用户管理	Ctrl+U</string>
	<string name="2549">&amp;显示</string>
	<string name="2550">变量</string>
	<string name="2551">&amp;进程列表</string>
	<string name="2552">状态</string>
	<string name="2553">更改语言	Alt+Shift+L</string>
	<string name="2554">首选项</string>
	<string name="2555">高级工具</string>
	<string name="2556">数据库S 同步向导	Ctrl+Alt+W</string>
	<string name="2557">架构同步工具	Ctrl+Q</string>
	<string name="2558">SQL计划程序报告工具	Ctrl+Alt+N</string>
	<string name="2559">计划备份	Ctrl+Alt+S</string>
	<string name="2560">计划的作业</string>
	<string name="2561">&amp;重新生成标记</string>
	<string name="2562">窗口</string>
	<string name="2563">层叠</string>
	<string name="2564">平铺窗口</string>
	<string name="2565">&amp;排列图标</string>
	<string name="2566">&amp;帮助</string>
	<string name="2567">&amp;帮助	F1</string>
	<string name="2568">&amp;键盘快捷方式...</string>
	<string name="2569">检查更新...</string>
	<string name="2570">更改注册详细信息</string>
	<string name="2571">关于</string>
	<string name="2572">项目</string>
	<string name="2573">设置私钥</string>
	<string name="2574">插入列</string>
	<string name="2575">删除列</string>
	<string name="2576">插入新行</string>
	<string name="2577">删除行</string>
	<string name="2578">保存更改</string>
	<string name="2579">取消更新</string>
	<string name="2580">设置为空字符串</string>
	<string name="2581">设置为空</string>
	<string name="2582">设置为默认值</string>
	<string name="2583">导出表中所有数据行/结果...	Ctrl+Shift+E</string>
	<string name="2584">复制单元格到剪贴板</string>
	<string name="2585">复制所有行到剪贴板</string>
	<string name="2586">复制已选行到剪贴板...</string>
	<string name="2587">删除列</string>
	<string name="2588">刷新浏览器	F9</string>
	<string name="2589">显示值</string>
	<string name="2590">终止进程...</string>
	<string name="2591">&amp;删除历史记录</string>
	<string name="2592">复制&amp;历史至剪贴板</string>
	<string name="2593">&amp;保存历史文件...	Ctrl+S</string>
	<string name="2594">计划备份...	Ctrl+Alt+S</string>
	<string name="2595">&amp;导入外部数据...	Ctrl+Alt+O</string>
	<string name="2596">&amp;导入SQL语句...	Ctrl+Shift+Q</string>
	<string name="2597">用户管理</string>
	<string name="2598">&amp;添加用户...	Ctrl+U</string>
	<string name="2599">重命名用户</string>
	<string name="2600">编辑用户…	Ctrl+Alt+U</string>
	<string name="2601">管理权限	Ctrl+Shift+W</string>
	<string name="2602">作为 CSV	Ctrl+Alt+C</string>
	<string name="2603">作为XML 	Ctrl+Alt+X</string>
	<string name="2604">作为HTML	Ctrl+Alt+H</string>
	<string name="2605">快速筛选</string>
	<string name="2606">域=值</string>
	<string name="2607">域！=值</string>
	<string name="2608">域&lt;值</string>
	<string name="2609">域>值</string>
	<string name="2610">删除筛选器</string>
	<string name="2611">打开</string>
	<string name="2612">删除</string>
	<string name="2613">重命名</string>
	<string name="2614">制表符</string>
	<string name="2615">关闭</string>
	<string name="2616">&amp;行</string>
	<string name="2617">连接类型</string>
	<string name="2618">内联</string>
	<string name="2619">左连接</string>
	<string name="2620">右连接</string>
	<string name="2621">网格菜单</string>
	<string name="2622">&amp;插入列</string>
	<string name="2623">&amp;删除列</string>
	<string name="2624">&amp;清除所有列</string>
	<string name="2625">画布菜单</string>
	<string name="2626">&amp;添加表...</string>
	<string name="2627">&amp;下载架构设计...</string>
	<string name="2628">&amp;导出画布以作为图像...</string>
	<string name="2629">缩放</string>
	<string name="2630">查看分页</string>
	<string name="2631">油画布</string>
	<string name="2632">表格菜单</string>
	<string name="2633">表视图&amp;</string>
	<string name="2634">&amp;标准</string>
	<string name="2635">只有列&amp;名称</string>
	<string name="2636">&amp;改变表格...</string>
	<string name="2637">管理&amp;索引...</string>
	<string name="2638">关系&amp;/外键...</string>
	<string name="2639">&amp;截位表格...</string>
	<string name="2640">删除&amp;数据库中的表格...</string>
	<string name="2641">删除&amp;列...</string>
	<string name="2642">&amp;从画布上删除表格</string>
	<string name="2643">&amp;重新排列列的顺序...</string>
	<string name="2644">空</string>
	<string name="2645">&amp;查看高级属性...</string>
	<string name="2646">关系线</string>
	<string name="2647">属性(&amp;P)</string>
	<string name="2648">删除关系</string>
	<string name="2649">表工具菜单</string>
	<string name="2650">标准视图</string>
	<string name="2651">仅限列名</string>
	<string name="2652">添加表/视图</string>
	<string name="2653">加载查询设计</string>
	<string name="2654">清除</string>
	<string name="2655">清除</string>
	<string name="2656">连接到我的SQL主机</string>
	<string name="2657">新建</string>
	<string name="2658">克隆</string>
	<string name="2659">保存</string>
	<string name="2660">重命名</string>
	<string name="2661">保/存的连接</string>
	<string name="2662">我的SQL主机地址</string>
	<string name="2663">保存密码</string>
	<string name="2664">数据/库</string>
	<string name="2665">私钥</string>
	<string name="2666">将多个数据库用分号;分开，保持数据库空白将显示所有数据）</string>
	<string name="2667">&amp;URL</string>
	<string name="2668">&amp;超时</string>
	<string name="2669">&amp;高级...</string>
	<string name="2670">（在安装目录下，SQLyog Tunnel.php可用。若您不愿显示SQLyog tunneler，您可以将其重命名。 ）</string>
	<string name="2671">使用SSH&amp;隧道</string>
	<string name="2672">SSH&amp;主机地址</string>
	<string name="2673">SSH&amp;端口</string>
	<string name="2674">公&amp;钥</string>
	<string name="2675">&amp;密码</string>
	<string name="2676">保存&amp;密码</string>
	<string name="2677">使用SSL加密&amp;</string>
	<string name="2678">CA证书&amp;</string>
	<string name="2679">&amp;客户端密钥</string>
</resources>