﻿<?xml version="1.0" encoding="utf-8"?>
<resources>
	<string name="2680">客户端证&amp;书</string>
	<string name="2681">背&amp;景颜色</string>
	<string name="2682">前&amp;景颜色</string>
	<string name="2683">（这些颜色仅用于该连接在对象浏览器中被使用）</string>
	<string name="2684">SQL 模式</string>
	<string name="2685">使用&amp;全局变量</string>
	<string name="2686">&amp;连接</string>
	<string name="2687">&amp;测试连接</string>
	<string name="2688">SQL转储</string>
	<string name="2689">SQL导出</string>
	<string name="2690">数据库&amp;名称</string>
	<string name="2691">&amp;对象</string>
	<string name="2692">结构&amp;唯一</string>
	<string name="2693">仅有数据</string>
	<string name="2694">结构&amp;和数据</string>
	<string name="2695">导出到&amp;文件</string>
	<string name="2696">锁定&amp;表阅读</string>
	<string name="2697">转储前刷新&amp;日志</string>
	<string name="2698">&amp;单个事务</string>
	<string name="2699">包含“使用&amp;数据库”声明</string>
	<string name="2700">设置&amp;FOREIGN_KEY_CHECKS=0</string>
	<string name="2701">创建&amp;批量插入语句</string>
	<string name="2702">包含”删&amp;除”语句</string>
	<string name="2703">完&amp;成</string>
	<string name="2704">确&amp;定</string>
	<string name="2705">SQLyog键盘快捷方式</string>
	<string name="2706">选择数据库与表格</string>
	<string name="2707">选择/撤销选择全部表格</string>
	<string name="2708">&amp;优化...</string>
	<string name="2709">本&amp;地</string>
	<string name="2710">检&amp;查…</string>
	<string name="2711">分&amp;析…</string>
	<string name="2712">本&amp;地</string>
	<string name="2713">&amp;修复…</string>
	<string name="2714">&amp;快速</string>
	<string name="2715">&amp;扩展式</string>
	<string name="2716">&amp;Use_Frm</string>
	<string name="2717">本&amp;地</string>
	<string name="2718">&amp;创建表格	F4</string>
	<string name="2719">高级&amp;属性...</string>
	<string name="2720">预&amp;览</string>
	<string name="2721">插入...</string>
	<string name="2723">日&amp;志</string>
	<string name="2724">&amp;主机</string>
	<string name="2725">&amp;权限</string>
	<string name="2726">&amp;状态</string>
	<string name="2727">&amp;表</string>
	<string name="2728">&amp;带有读写锁定的表格</string>
	<string name="2729">&amp;DES_KEY_FILE</string>
	<string name="2730">&amp;查询缓存</string>
	<string name="2731">&amp;USER_RESOURCES</string>
	<string name="2732">&amp;全部</string>
	<string name="2733">使用&amp; NO_WRITE_TO_BINLOG</string>
	<string name="2734">&amp;刷新</string>
	<string name="2735">SQL模板</string>
	<string name="2736">SQL命令</string>
	<string name="2737">预览</string>
	<string name="2738">选择表生成架构</string>
	<string name="2739">重复表</string>
	<string name="2740">结合&amp;所有字段</string>
	<string name="2741">使用&amp;索引</string>
	<string name="2742">使用&amp;触发器</string>
	<string name="2743">&amp;仅有结构</string>
	<string name="2744">结构和&amp;数据</string>
	<string name="2745">列表1</string>
	<string name="2746">创建数据库</string>
	<string name="2747">输入新的数据库名称</string>
	<string name="2748">&amp;创建</string>
	<string name="2749">管理关系</string>
	<string name="2750">为所选数据库与表格创建，编辑并删除外键</string>
	<string name="2751">现有引用</string>
	<string name="2752">创建/编辑索引</string>
	<string name="2753">为所选数据库与表格创建并编辑索引</string>
	<string name="2754">&amp;索引名称</string>
	<string name="2755">索引选项</string>
	<string name="2756">&amp;唯一</string>
	<string name="2757">&amp;全文</string>
	<string name="2758">&amp;主键</string>
	<string name="2759">高级表格属性</string>
	<string name="2760">&amp;校验和</string>
	<string name="2761">&amp;自动增量</string>
	<string name="2762">平均&amp;行长度</string>
	<string name="2763">字符&amp;集</string>
	<string name="2764">排序规&amp;则</string>
	<string name="2765">注&amp;释</string>
	<string name="2766">行&amp;最大值</string>
	<string name="2767">行&amp;最小值</string>
	<string name="2768">&amp;延迟更新索引</string>
	<string name="2769">行&amp;格式</string>
	<string name="2770">&amp;块区</string>
	<string name="2771">块区&amp;大小</string>
	<string name="2772">插入/更新 Blob 字段</string>
	<string name="2773">&amp;保存到文件...</string>
	<string name="2774">&amp;从文件导入</string>
	<string name="2775">设置 &amp;为空</string>
	<string name="2776">Scintilla控件</string>
	<string name="2777">尺寸:</string>
	<string name="2778">从一个文件执行查询</string>
	<string name="2779">执行储存在sql批处理文件中的查询，当您执行没有加载到SQL编辑器中的批处理脚本时，这个选项非常有用</string>
	<string name="2780">当前数据库;</string>
	<string name="2781">&amp;文件执行</string>
	<string name="2782">&amp;完成</string>
	<string name="2783">指定转义字符</string>
	<string name="2784">转义&amp;通过</string>
	<string name="2785">终&amp;止行</string>
	<string name="2786">字段</string>
	<string name="2787">&amp;固定长度</string>
	<string name="2788">&amp;变量长度</string>
	<string name="2789">字段&amp;被终止</string>
	<string name="2790">字段&amp;隐藏</string>
	<string name="2791">&amp;可选</string>
	<string name="2792">取&amp;代空值</string>
	<string name="2793">&amp;包含列名</string>
	<string name="2794">填写&amp;excel友好值</string>
	<string name="2795">本地加载导入CSV数据</string>
	<string name="2796">CSV中导入表和所要列</string>
	<string name="2797">分隔符</string>
	<string name="2798">终止;</string>
	<string name="2799">被转义:</string>
	<string name="2800">行</string>
	<string name="2801">&amp;改变…</string>
	<string name="2802">字符集</string>
	<string name="2803">其他选项</string>
	<string name="2804">低优先级</string>
	<string name="2805">并发</string>
	<string name="2806">浏览文件夹</string>
	<string name="2807">行</string>
	<string name="2808">从文件导入</string>
	<string name="2809">&amp;导入...</string>
	<string name="2810">备份数据库</string>
	<string name="2811">选择需备份表格</string>
	<string name="2812">附注：此处使用MySQL 备份表格选项。备份只用于MyISAM表格。其他表格格式使用DB->导出数据库为SQL转储选项。
此连接设置对指定数据库名称进行筛选。新创数据库或许不可见。</string>
	<string name="2813">&amp;备份</string>
	<string name="2814">选择导出数据的格式</string>
	<string name="2815">CSV选项</string>
	<string name="2816">&lt;无></string>
	<string name="2817">NULL替换为：</string>
	<string name="2818">&amp;前端添加列名称</string>
	<string name="2819">更&amp;改</string>
	<string name="2820">Excel选项</string>
	<string name="2821">文本列大&amp;小限制</string>
	<string name="2822">&amp;小数位</string>
	<string name="2823">SQL 选项</string>
	<string name="2824">数据 &amp;仅仅</string>
	<string name="2825">选择要导出的的域</string>
	<string name="2826">保存到 &amp;文件。</string>
	<string name="2827">重新排序就是通过使用上/下键，点击“重新排序”按钮来改变列的顺序。</string>
	<string name="2828">&amp;重新排序</string>
	<string name="2829">复制数据库</string>
	<string name="2830">此选项复制数据库/主机之间的对象。</string>
	<string name="2831">来源{连接 – 数据库}</string>
	<string name="2832">名称：</string>
	<string name="2833">目标{连接 – 数据库}</string>
	<string name="2834">说明：如果你想向不同主机拷贝，连接多个主机，使用文件到新连接，下拉目标数据库为所有连接列出所有数据库</string>
	<string name="2835">&amp;如果目标中存在则删除</string>
	<string name="2836">&amp;使用大容量插入</string>
	<string name="2837">&amp;显示摘要</string>
	<string name="2838">名称</string>
	<string name="2839">管理索引</string>
	<string name="2840">现有索引</string>
	<string name="2841">创建关系</string>
	<string name="2842">当前表（外键表）</string>
	<string name="2843">引用的表（主键表）</string>
	<string name="2844">索引...</string>
	<string name="2845">约束名称</string>
	<string name="2846">级联&amp;删除</string>
	<string name="2847">级联</string>
	<string name="2848">设置空值</string>
	<string name="2849">无操作</string>
	<string name="2850">限制</string>
	<string name="2851">正在&amp;更新</string>
	<string name="2852">导出数据为CSV</string>
	<string name="2853">选择表与列在CSV中导出</string>
	<string name="2854">列&amp;</string>
	<string name="2855">导出到文件</string>
	<string name="2856">&amp;导出...</string>
	<string name="2857">（附注：用以分隔多项查询;）</string>
	<string name="2858">&amp;解析…</string>
	<string name="2859">用户&amp;名</string>
	<string name="2860">密&amp;码</string>
	<string name="2861">&amp;数据流始终使用Base64 编码</string>
	<string name="2862">&amp;显示警告…</string>
	<string name="2863">SQLyog - SQL转储导入错误</string>
	<string name="2864">打开&amp;错误文件...</string>
	<string name="2865">编辑器</string>
	<string name="2866">字体</string>
	<string name="2867">SQL&amp;编辑器</string>
	<string name="2868">更改...</string>
	<string name="2869">&amp;历史记录/信息</string>
	<string name="2870">&amp;Blob查看器</string>
	<string name="2871">&amp;评论</string>
	<string name="2872">字符&amp;串</string>
	<string name="2873">函&amp;数</string>
	<string name="2874">关&amp;键词</string>
	<string name="2875">&amp;普通</string>
	<string name="2876">&amp;关键字</string>
	<string name="2877">选项卡</string>
	<string name="2878">选项卡&amp;大小</string>
	<string name="2879">&amp;插入空间</string>
	<string name="2880">保持&amp;选项卡</string>
	<string name="2881">还原 &amp;全部默认值</string>
	<string name="2882">还原&amp; 默认Tab键</string>
	<string name="2883">颜色</string>
	<string name="2884">事例</string>
	<string name="2885">SQLyog 可以添加当前sql语句到你的收藏列表中，另外，还可以添加连接到sql文件中。</string>
	<string name="2886">创建于</string>
	<string name="2887">&amp;使用当前sql编辑器查询，SQLyog收藏夹中将创建一个新文件。</string>
	<string name="2888">&amp;在现有的SQL 文件中，创建一个连接，此文件不会拷贝到SQLyog收藏夹中。</string>
	<string name="2889">&amp;新文件夹...</string>
	<string name="2890">创建新文件夹</string>
	<string name="2891">SQLyog 将为你创建以下文件夹，这些文件夹存放于收藏菜单中实现快捷操作。</string>
	<string name="2892">文件夹名</string>
	<string name="2893">整理收藏夹</string>
	<string name="2894">创建新文件夹组织你的查询，点击创建文件夹按钮，如重命名或删除子项，选择此子项然后点击重命名或删除按钮。</string>
	<string name="2895">&amp;创建文件夹</string>
	<string name="2896">&amp;移动到文件夹</string>
	<string name="2897">&amp;删除</string>
	<string name="2898">自定义1</string>
	<string name="2899">Scintilla</string>
	<string name="2900">浏览文件夹</string>
	<string name="2901">选择目标文件夹</string>
	<string name="2902">&amp;继续</string>
	<string name="2903">&amp;购买</string>
	<string name="2904">&amp;数据库名称</string>
	<string name="2905">基&amp;字符集</string>
	<string name="2906">数据库排序&amp;规则</string>
	<string name="2907">此连接设置对指定数据库名称进行筛选。新创数据库或许不可见。</string>
	<string name="2908">已执行 SQL 语句</string>
	<string name="2909">错误号:</string>
	<string name="2910">&amp;另存到文本文件...</string>
	<string name="2911">获取SQLyog企业版或旗舰版</string>
	<string name="2912">&amp;稍后提醒</string>
	<string name="2913">此功能在SQLyog企业版/旗舰版可用</string>
	<string name="2914">今日获取SQLyog企业版/旗舰版可使用此项以及数十项其他功能</string>
	<string name="2915">&amp;立即购买</string>
	<string name="2916">检查更新</string>
	<string name="2917">标题栏</string>
	<string name="2918">&amp;不要再提醒我</string>
	<string name="2919">其他</string>
</resources>