﻿<?xml version="1.0" encoding="utf-8"?>
<resources>
	<string name="2200">你想怎样继续进行？</string>
	<string name="2201">表格：</string>
	<string name="2202">如果你想自动同步表结构，你可以在临时数据库加载这个架构并使用Powertools的架构同步工具</string>
	<string name="2203">选项</string>
	<string name="2204">已更改</string>
	<string name="2205">未更改</string>
	<string name="2206">已插入（源）</string>
	<string name="2207">已插入（目标）</string>
	<string name="2208">应用</string>
	<string name="2209">可见性过滤器</string>
	<string name="2210">无效注册</string>
	<string name="2211">注册详情没有被验证。请确保此程序版本详情正确。</string>
	<string name="2212">取得证书密钥</string>
	<string name="2213">数据源类型</string>
	<string name="2214">任何ODBC数据源</string>
	<string name="2215">选择文件夹</string>
	<string name="2216">文件夹</string>
	<string name="2217">设置</string>
	<string name="2218">选择或建立一个ODBC数据源名称（DSN）</string>
	<string name="2219">系统/用户 DSN</string>
	<string name="2220">文件 DSN</string>
	<string name="2221">建立新的 DSN..</string>
	<string name="2222">输入数据源凭据</string>
	<string name="2223">没有找到Microsoft Office 2007驱动。下载</string>
	<string name="2224">点击此处</string>
	<string name="2225">无法解决的对象</string>
	<string name="2226">下列对象引用无法解决</string>
	<string name="2227">由于文件被保存，对象或者已被删除或者已被重命名</string>
	<string name="2228">表别名</string>
	<string name="2229">表名</string>
	<string name="2230">表别名</string>
	<string name="2231">导入外键</string>
	<string name="2232">要正确导入Access数据库外键，你需要Access数据库系统表的权限（确保</string>
	<string name="2233">你以mdb格式保存为用户级别安全特征的数据库不能用于新文件格式数据库中如accdb,accde,accdc，accdr）。了解更多</string>
	<string name="2234">升级到“完全加载的”SQLyog包含高级连接工具,同步工具，智能自动完成，合并工具，定期备份，通知服务及更多。点击此处了解更多关于SQLyog。</string>
	<string name="2235">创建新连接</string>
	<string name="2236">关闭当前MDI和连接</string>
	<string name="2237">关闭所有MDI窗口和连接</string>
	<string name="2238">保存当前SQL语句</string>
	<string name="2239">在当前连接打开SQL文件</string>
	<string name="2240">退出应用程序</string>
	<string name="2241">指定并保存当前SQL语句到文件</string>
	<string name="2242">剪切所选内容并移动到剪贴板</string>
	<string name="2243">复制所选内容到剪贴板</string>
	<string name="2244">在当前插入点插入剪贴板内容</string>
	<string name="2245">撤销上一布动作</string>
	<string name="2246">刷新对象浏览器</string>
	<string name="2247">删除当前选择的数据库</string>
	<string name="2248">删除当前选择的表</string>
	<string name="2249">为表建立合法的SQL插入语句</string>
	<string name="2250">管理个人文件夹</string>
	<string name="2251">定期备份</string>
	<string name="2252">执行查询</string>
	<string name="2253">重做前一个未完成操作</string>
	<string name="2254">选择全部内容</string>
	<string name="2255">查找指定文本</string>
	<string name="2256">查找指定文本并用不同的文本替换</string>
	<string name="2257">显示或隐藏对象浏览器</string>
	<string name="2258">刷新日志，权限，主机等。</string>
	<string name="2259">显示SQL语句模版</string>
	<string name="2260">导出为</string>
	<string name="2261">检查/修复/分析/优化你的表</string>
	<string name="2262">用文本显示结果</string>
	<string name="2263">选中文本改为大写</string>
	<string name="2264">选中文本改为小写</string>
	<string name="2265">注释当前行</string>
	<string name="2266">移除当前行的注释</string>
	<string name="2267">添加当前SQL到个人文件夹</string>
	<string name="2268">排列窗口为重叠</string>
	<string name="2269">平铺窗口</string>
	<string name="2270">排列最小化的MDI窗口</string>
	<string name="2271">小时程序信息和版权</string>
	<string name="2272">SQLyog的键盘快捷键类别</string>
	<string name="2273">在SQL中导出表数据和架构</string>
	<string name="2274">执行SQL语句批处理文件</string>
	<string name="2275">显示SQLyog帮助文件</string>
	<string name="2276">执行选中的查询</string>
	<string name="2277">执行所有查询</string>
	<string name="2278">在选中数据库中建立新表</string>
	<string name="2279">建立表</string>
	<string name="2280">复制所有行到剪贴板</string>
	<string name="2281">重命名表</string>
	<string name="2282">查看表数据</string>
	<string name="2283">截断选中表数据</string>
	<string name="2284">查看选中表高级属性</string>
	<string name="2285">删除选中列</string>
	<string name="2286">用HTML建立数据库架构</string>
	<string name="2287">用当前连接建立新窗口</string>
	<string name="2288">打开文档</string>
	<string name="2289">给用户数据库，表和列级权限</string>
	<string name="2290">导出选中表数据为单独值</string>
	<string name="2291">从CSV文件导入数据到表</string>
	<string name="2292">用BACKUP命令备份数据库</string>
	<string name="2293">用RESTORE命令还原数据库</string>
	<string name="2294">显示或隐藏结果窗口</string>
	<string name="2295">在当前连接打开个人SQL文件</string>
	<string name="2296">删除当前选择的索引</string>
	<string name="2297">生成数据库表的副本</string>
	<string name="2298">更改选中表结构</string>
	<string name="2299">添加用户并设置全局权限</string>
	<string name="2300">用全局权限编辑已存在的用户</string>
	<string name="2301">插入并更新表数据</string>
	<string name="2302">导出选中数据库数据为SQL查询</string>
	<string name="2303">导出选中表数据为SQL查询</string>
	<string name="2304">建立并编辑表索引</string>
	<string name="2305">同步两个数据库数据</string>
	<string name="2306">同步两个表结构</string>
	<string name="2307">建立新数据库</string>
	<string name="2308">修改表处理程序为ISAM</string>
	<string name="2309">修改表处理程序为MyISAM</string>
	<string name="2310">修改表处理程序为HEAP</string>
	<string name="2311">修改表处理程序为MERGE</string>
	<string name="2312">修改表处理程序为InnoDB</string>
	<string name="2313">修改表处理程序为BDB</string>
	<string name="2314">修改表处理程序为GEMINI</string>
	<string name="2315">建立并编辑表索引</string>
	<string name="2316">选择一个MySQL数据源</string>
	<string name="2317">你想从哪里复制数据？</string>
	<string name="2318">选择一个数据源</string>
	<string name="2319">指定表副本或查询</string>
	<string name="2320">1</string>
	<string name="2321">键入SQL语句</string>
	<string name="2322">键入SQL查询语句得到数据</string>
	<string name="2323">选择表</string>
	<string name="2324">你可以选择一个或多个表来复制。你可以复制表架构或数据当它出现在表上或点击（...）转换表结构</string>
	<string name="2325">记录选中表的列</string>
	<string name="2326">管理用户权限</string>
	<string name="2327">刷新</string>
	<string name="2328">表诊断</string>
	<string name="2329">删除所有选中数据库的表</string>
	<string name="2330">显示或隐藏SQL编辑器</string>
	<string name="2331">执行并编辑结果集</string>
	<string name="2332">从ODBC数据源导出数据到MySQL</string>
	<string name="2333">发送带查询结果的个人邮件</string>
	<string name="2334">导出数据库或表为SQL语句</string>
	<string name="2335">管理SQLyog代理工作的工作</string>
	<string name="2336">重建标签文件</string>
	<string name="2337">列出所有关键字和对象</string>
	<string name="2338">列出所有匹配当前词的关键字和对象</string>
	<string name="2339">导出数据为批处理脚本</string>
	<string name="2340">执行批处理文件</string>
	<string name="2341">管理选中表外键关系</string>
	<string name="2342">插入/更新表数据</string>
	<string name="2343">更改表结构</string>
	<string name="2344">截断选中表数据库所有表数据</string>
	<string name="2345">管理表关系</string>
	<string name="2346">在HTML中导出选中表</string>
	<string name="2347">在XML中导出选中表</string>
	<string name="2348">显示进度列表</string>
	<string name="2349">显示状态</string>
	<string name="2350">提供MySQL服务器的源和目标细节</string>
	<string name="2351">数据同步高级选项</string>
	<string name="2352">选择想要执行的选项</string>
	<string name="2353">选择想要同步的表</string>
	<string name="2354">选择“同步数据库所有表”将总是在给定时间内同步所有表。你可以选择所有列或指定列用于比较数据。</string>
	<string name="2355">设置应用程序偏好</string>
	<string name="2356">在定期间隔发送查询结果</string>
	<string name="2357">复制选中表到另一个主机/数据库</string>
	<string name="2358">提供你的MySQL服务器详细信息</string>
	<string name="2359">电子邮件选项...</string>
	<string name="2360">指定电子邮件并发出服务器信息</string>
	<string name="2361">电子邮件选项...（继续）</string>
	<string name="2362">指定电子邮件主题或选择YYYY-MM-DD或者 YY-MM-DD HH:MM:SS从当前日期/时间自动生成主题</string>
	<string name="2363">查询</string>
	<string name="2364">指定额外文件或输入想要执行的查询</string>
	<string name="2365">选择想要导出的对象</string>
	<string name="2366">你可以导出所有对象或选中对象。</string>
	<string name="2367">你要如何生成脚本？</string>
	<string name="2368">你可以单个删除或一块删除表。你也可以压缩备份并使用时间戳标记。</string>
	<string name="2369">你要生成什么？</string>
	<string name="2370">你要做什么出错？</string>
	<string name="2371">当错误发生时用Email发送错误报告</string>
	<string name="2372">停止执行</string>
	<string name="2373">复制选中单元格数据到剪贴板</string>
	<string name="2374">选择数据源</string>
	<string name="2375">你想从哪里导入数据？</string>
	<string name="2376">要么导入一个或多个表要么指定数据源查询的结果</string>
	<string name="2377">从SQL语句导入</string>
	<string name="2378">键入SQL查询语句得到数据</string>
	<string name="2379">选择数据库</string>
	<string name="2380">选择想要导出的数据库</string>
	<string name="2381">你要做什么出错？</string>
	<string name="2382">更改当前选中存储过程</string>
	<string name="2383">删除当前选中的存储过程</string>
	<string name="2384">电子邮件选项...（继续）</string>
	<string name="2385">更改当前选中函数</string>
	<string name="2386">删除当前选中的函数</string>
	<string name="2387">删除当前选中的触发器</string>
	<string name="2388">更改选中视图的视图结构</string>
	<string name="2389">删除当前选中的视图</string>
	<string name="2390">在当前选中数据库建立新视图</string>
	<string name="2391">在当前选中数据库建立新存储过程</string>
	<string name="2392">在当前选中数据库建立新函数</string>
	<string name="2393">在当前选中表建立新触发器</string>
	<string name="2394">更改当前选中触发器</string>
	<string name="2395">添加一个新SQL编辑器</string>
	<string name="2396">正在进行SQLyog通知向导</string>
	<string name="2397">重命名当前选中视图</string>
	<string name="2398">重命名当前选中触发器</string>
	<string name="2399">把鼠标放到你指定的行上</string>
	<string name="2400">指定电子邮件主题或选择YYYY-MM-DD或者 YY-MM-DD HH:MM:SS从当前日期/时间自动生成主题</string>
	<string name="2401">正在进行顶堤导出为批处理脚本项</string>
	<string name="2402">正在进行SQLyog数据库同步向导</string>
	<string name="2403">为表创建合法的SQL选择语句</string>
	<string name="2404">添加当前查询到收藏列表</string>
	<string name="2405">组织你的收藏夹</string>
	<string name="2406">关闭当前SQL编辑器</string>
	<string name="2407">刷新收藏夹</string>
	<string name="2408">选择表</string>
	<string name="2409">你可以选择一个或多个表来复制。你可以复制表架构或数据当它出现在表上或点击（...）转换表结构</string>
	<string name="2410">所有数据库的单个文件</string>
	<string name="2411">为表创建合法的SQL更新语句</string>
	<string name="2412">为表创建合法的SQL删除语句</string>
	<string name="2413">你要如何执行同步？</string>
	<string name="2414">选择你要做的类型</string>
	<string name="2415">在新标签页打开SQL文件</string>
	<string name="2416">添加新的架构设计器</string>
	<string name="2417">添加查询生成器</string>
	<string name="2418">文件</string>
	<string name="2419">使用当前设置的新连接	Ctrl+N</string>
	<string name="2420">新连接	Ctrl+M</string>
	<string name="2421">新查询编辑器	Ctrl+T</string>
	<string name="2422">新查询生成器	Ctrl+K</string>
	<string name="2423">新架构设计器	Ctrl+Alt+D</string>
	<string name="2424">关闭選項卡	Alt+L</string>
	<string name="2425">断开连接	Ctrl+F4/Ctrl+W</string>
	<string name="2426">断开所有连接</string>
	<string name="2427">打开	Ctrl+O</string>
	<string name="2428">保存…	Ctrl+S</string>
	<string name="2429">另存为…</string>
	<string name="2430">最近的文件</string>
	<string name="2431">退出	Alt+F4</string>
	<string name="2432">编辑</string>
	<string name="2433">修改对象浏览器颜色</string>
	<string name="2434">执行查询</string>
	<string name="2435">执行并编辑结果设置	F8</string>
	<string name="2436">格式化当前查询	F12</string>
	<string name="2437">格式化选中查询	Ctrl+F12</string>
	<string name="2438">格式化所有查询	Shift+F12</string>
	<string name="2439">插入模版…	Ctrl+Shift+T</string>
</resources>