﻿<?xml version="1.0" encoding="utf-8"?>
<resources>
	<string name="3160"> Find the next occurrence</string>
	<string name="3161"> Switch to Previous Tab</string>
	<string name="3162"> Manage MySQL users</string>
	<string name="3163"> Change language</string>
	<string name="3164"> Format selected query(s)</string>
	<string name="3165"> Close the current tab</string>
	<string name="3166"> Switch to previous tab</string>
	<string name="3167"> Switch to next tab</string>
	<string name="3168">Open the favorite file</string>
	<string name="3169">Data Search - easiest way to search across all databases</string>
	<string name="3170">Data Search - become more productive with your searches</string>
	<string name="3171">Search across all databases without writing any queries</string>
	<string name="3172">Search across all databases without worrying about the underlying structure</string>
	<string name="3173">Data Search - search and navigate to the respective record in a single click</string>
	<string name="3174">Data Search - match any text pattern with regular expression support</string>
	<string name="3175">Form View - the most convenient way to manually enter data</string>
	<string name="3176">Form View - conveniently browse through your data, one row at a time</string>
	<string name="3177">Delete Selected Row(s)</string>
	<string name="3178">Cancel Changes</string>
	<string name="3179">Set To Empty String</string>
	<string name="3180">Set To NULL</string>
	<string name="3181">Set To Default</string>
	<string name="3182">Filter</string>
	<string name="3183">Field &lt;> Value</string>
	<string name="3184">Field Like %Value</string>
	<string name="3185">Field Like Value%</string>
	<string name="3186">Field Like %Value%</string>
	<string name="3187">Copy </string>
	<string name="3188">Duplicate Current Row</string>
	<string name="3189">Copy &amp;History To Clipboard</string>
	<string name="3190">&amp;Save History To File...	Ctrl+S</string>
	<string name="3191">Change Objec&amp;t Browser Color...</string>
	<string name="3192">&amp;Close	Alt+L</string>
	<string name="3193">Menu</string>
	<string name="3194">&amp;Copy Query To Clipboard</string>
	<string name="3195">Copy Query To &amp;New Query Tab</string>
	<string name="3196">Copy Query To &amp;Same Query Tab</string>
	<string name="3197">Create View Using Current &amp;Query</string>
	<string name="3198">Tables Menu</string>
	<string name="3199">Open...	Ctrl+O</string>
	<string name="3200">Create &amp;Trigger...	F4</string>
	<string name="3201">Create &amp;Event...	F4</string>
	<string name="3202">Connection Tab</string>
	<string name="3203">&amp;Disconnect	Ctrl+F4</string>
	<string name="3204">View</string>
	<string name="3205">Grid View</string>
	<string name="3206">Form View</string>
	<string name="3207">Text View</string>
	<string name="3208">Data Sea&amp;rch	Ctrl+Shift+D</string>
</resources>