﻿<?xml version="1.0" encoding="utf-8"?>
<resources>
	<string name="2200">How do you want to continue?</string>
	<string name="2201">Table:</string>
	<string name="2202">If you want to automatically synchronize the table structure you can load this schema in a temporary database and use the Schema Synchronization tool from Powertools.</string>
	<string name="2203">Options</string>
	<string name="2204">Changed</string>
	<string name="2205">Unchanged</string>
	<string name="2206">Inserted(source)</string>
	<string name="2207">Inserted(target)</string>
	<string name="2208">&amp;Apply</string>
	<string name="2209">Visibility Filter</string>
	<string name="2210"> Invalid Registration</string>
	<string name="2211">Registration details cannot be verifed. 
Please ensure that the details are correct for this program version.</string>
	<string name="2212">Get License key</string>
	<string name="2213">Type of Data Source</string>
	<string name="2214">Any &amp;ODBC Source</string>
	<string name="2215">Select folder</string>
	<string name="2216">&amp;Folder name</string>
	<string name="2217">Se&amp;tup...</string>
	<string name="2218">Select or Create an ODBC Data Source Name (DSN)</string>
	<string name="2219">&amp;System/User DSN</string>
	<string name="2220">F&amp;ile DSN</string>
	<string name="2221">Create a New &amp;DSN...</string>
	<string name="2222">Enter credentials for Data Source</string>
	<string name="2223">Drivers for Microsoft Office 2007 are not found. To download</string>
	<string name="2224">click here</string>
	<string name="2225">Unresolved Objects</string>
	<string name="2226">Reference to the following objects cannot be resolved</string>
	<string name="2227">The object(s) were either dropped or renamed since
 the file was saved.</string>
	<string name="2228">Table Alias</string>
	<string name="2229">Table name</string>
	<string name="2230">Table &amp;alias</string>
	<string name="2231"> Import Foreign Keys</string>
	<string name="2232">To correctly import Foreign Keys from an Access database you will require to give permissions on Access system tables (make sure</string>
	<string name="2233">you have saved the database in .mdb format as User-Level Security features are not available for databases in new file formats like .accdb, .accde, .accdc, .accdr). To know more</string>
	<string name="2234">
Upgrade to the &quot;Fully Loaded&quot; SQLyog that includes Advanced Connectivity Tools, Synchronization Tools, Smart Autocomplete, Migration Toolkit, Scheduled Backups, Notification Services and much more. Click here to learn more about SQLyog</string>
	<string name="2235"> Create a new connection</string>
	<string name="2236"> Close the current MDI and connection</string>
	<string name="2237"> Close all MDI window and connections</string>
	<string name="2238"> Save the current SQL statement(s)</string>
	<string name="2239"> Open a SQL file in the current connection</string>
	<string name="2240"> Exit from the application</string>
	<string name="2241"> Specify and save the current SQL into a file</string>
	<string name="2242"> Cuts the selection and moves it to the clipboard</string>
	<string name="2243"> Copies the current selection into clipboard</string>
	<string name="2244"> Inserts the clipboard content at the current insertion point</string>
	<string name="2245"> Undoes the last action</string>
	<string name="2246"> Refresh Object Browser</string>
	<string name="2247"> Drop the currently selected database</string>
	<string name="2248"> Drop the currently selected table</string>
	<string name="2249"> Create a valid SQL INSERT for the table</string>
	<string name="2250"> Manage personal folder</string>
	<string name="2251"> Scheduled backup</string>
	<string name="2252"> Execute Query</string>
	<string name="2253"> Redoes the previously undone action</string>
	<string name="2254"> Selects the entire selection</string>
	<string name="2255"> Finds the specified text</string>
	<string name="2256"> Finds the specified text and replaces it with a different text</string>
	<string name="2257"> Show or Hide the object browser</string>
	<string name="2258"> Flush logs, privileges, hosts etc.</string>
	<string name="2259"> Show templates for SQL commands</string>
	<string name="2260"> Export As ...</string>
	<string name="2261"> CHECK/REPAIR/ANALYZE/OPTIMIZE your table</string>
	<string name="2262"> Show results in text mode</string>
	<string name="2263"> Change selected text to uppercase</string>
	<string name="2264"> Change selected text to lowercase</string>
	<string name="2265"> Comment the current line</string>
	<string name="2266"> Remove comment from the current line</string>
	<string name="2267"> Adds the current SQL to the personal folder</string>
	<string name="2268"> Arranges the windows as overlapped window</string>
	<string name="2269"> Tiles the window</string>
	<string name="2270"> Arrange the minimized MDI windows</string>
	<string name="2271"> Displays the program information and copyright</string>
	<string name="2272"> List of keyboard shortcuts in SQLyog</string>
	<string name="2273"> Export table data and structure in SQL</string>
	<string name="2274"> Execute a batch file of SQL commands</string>
	<string name="2275"> Show the HELP file for SQLyog</string>
	<string name="2276"> Execute Selected Query(s)</string>
	<string name="2277"> Execute All Queries</string>
	<string name="2278"> Create a new table in the selected database</string>
	<string name="2279"> Create Table</string>
	<string name="2280"> Copy all rows to clipboard</string>
	<string name="2281"> Rename the table</string>
	<string name="2282"> View table data</string>
	<string name="2283"> Truncate data of the selected table</string>
	<string name="2284"> View advanced properties of the selected table</string>
	<string name="2285"> Drop the selected column</string>
	<string name="2286"> Create Schema for the database in HTML</string>
	<string name="2287"> Create a new window with the current connection</string>
	<string name="2288"> Open this document</string>
	<string name="2289"> Give Database, Table and Column level privileges to a user</string>
	<string name="2290"> Export data of the selected table as Comma Separated Values</string>
	<string name="2291"> Import data into the table from a CSV file</string>
	<string name="2292"> Backup the selected database using BACKUP command</string>
	<string name="2293"> Restore a database using RESTORE command</string>
	<string name="2294"> Show or Hide the Result Window</string>
	<string name="2295"> Open the Personal SQL in the current connection</string>
	<string name="2296"> Drop the currently selected Index</string>
	<string name="2297"> Make of copy of the table in the database</string>
	<string name="2298"> Alter table structure of the selected table</string>
	<string name="2299"> Add a user and set its Global Privileges</string>
	<string name="2300"> Edit a existing users Global Privileges</string>
	<string name="2301"> Insert and Update table data</string>
	<string name="2302"> Export data of the selected database as SQL query(s)</string>
	<string name="2303"> Export data of the selected table as SQL query(s)</string>
	<string name="2304"> Create and edit indexes for the table</string>
	<string name="2305"> Synchronize data of two databases</string>
	<string name="2306"> Synchronize structure of two tables</string>
	<string name="2307"> Create a new database</string>
	<string name="2308"> Change the table handler to ISAM</string>
	<string name="2309"> Change the table handler to MyISAM</string>
	<string name="2310"> Change the table handler to HEAP</string>
	<string name="2311"> Change the table handler to MERGE</string>
	<string name="2312"> Change the table handler to InnoDB</string>
	<string name="2313"> Change the table handler to BDB</string>
	<string name="2314"> Change the table handler to GEMINI</string>
	<string name="2315"> Create and Edit Indexes for the table</string>
	<string name="2316">Choose a MySQL data source</string>
	<string name="2317">From where do you want to copy data ?</string>
	<string name="2318">Choose A Data Source</string>
	<string name="2319">Specify Table Copy or Query</string>
	<string name="2320">Specify whether to copy one or more table(s) or the result of the query from the data source.</string>
	<string name="2321">Type SQL Statement</string>
	<string name="2322">Type the query which will get the data.</string>
	<string name="2323">Select table(s)</string>
	<string name="2324">You can choose one or more tables to copy. You can copy the schema or data as it appears on the table or click (...) to transform the structure.</string>
	<string name="2325"> Reorder Columns of the selected table</string>
	<string name="2326"> Manage User Permissions</string>
	<string name="2327"> Flush</string>
	<string name="2328"> Table Diagnostics</string>
	<string name="2329"> Drop all table(s) of the selected database</string>
	<string name="2330"> Show or Hide the SQL Editor</string>
	<string name="2331">Execute and edit resultset</string>
	<string name="2332"> Import data from an ODBC datasource to MySQL</string>
	<string name="2333"> Send personalized mails with results returned from a query</string>
	<string name="2334"> Export database or tables as SQL statements</string>
	<string name="2335"> Manage Jobs for SQLyog Job Agent</string>
	<string name="2336"> Rebuild tag file</string>
	<string name="2337"> List all keywords and objects</string>
	<string name="2338"> List all keyword and objects matching to the current word</string>
	<string name="2339"> Export Data As Batch Scripts</string>
	<string name="2340"> Execute Batch File</string>
	<string name="2341"> Manage FK Relationships for the selected table</string>
	<string name="2342"> Insert/Update Data For The Table</string>
	<string name="2343"> Alter Table Structure</string>
	<string name="2344"> Truncate data for ALL table(s) in the selected database</string>
	<string name="2345"> Manage Relationships For Table</string>
	<string name="2346"> Export data of the selected table in HTML</string>
	<string name="2347"> Export data of selected table in XML</string>
	<string name="2348"> Show processlist</string>
	<string name="2349"> Show status</string>
	<string name="2350">Provide details about SOURCE and TARGET MySQL Servers</string>
	<string name="2351"> Advanced options for data synchronization</string>
	<string name="2352">Choose an option that you want to perform</string>
	<string name="2353">Select table(s) that you want to synchronize</string>
	<string name="2354">Select &quot;Sync all tables in the database&quot; to always sync all the tables present in the database at any given time. You can select all columns or specify the columns to be used for comparing data.</string>
	<string name="2355"> Set your preferences for the application</string>
	<string name="2356"> Send results from Query at scheduled intervals</string>
	<string name="2357">Copy the selected table to another Host/DB</string>
	<string name="2358">Provide details about your MySQL server</string>
	<string name="2359">Email Options...</string>
	<string name="2360">Specify your Email and outgoing server information</string>
	<string name="2361">Email Options....(continued)</string>
	<string name="2362">Specify a subject for Email or select YYYY-MM-DD or YYYY-MM-DD HH:MM:SS to autogenerate subject from current Date/Time value.</string>
	<string name="2363">Query(s)</string>
	<string name="2364">Specify an external file or enter query(s) which you want to execute</string>
	<string name="2365">Select object(s)  that you want to export</string>
	<string name="2366">You can export ALL objects or SELECTED object(s).</string>
	<string name="2367">How do you want to generate the script?</string>
	<string name="2368">You can create single dump or dump for each table. You may also compress the backup and use timestamp to identify it.</string>
	<string name="2369">What do you want to generate?</string>
	<string name="2370">What you want to do on error?</string>
	<string name="2371">Send report over Email when an error occurs</string>
	<string name="2372"> Stop execution</string>
	<string name="2373"> Copy selected cell data to clipboard</string>
	<string name="2374">Choose Data Source</string>
	<string name="2375">From where do you want to import data?</string>
	<string name="2376">Specify whether to IMPORT one or more TABLE(s) or the result of the
 QUERY from the data source</string>
	<string name="2377"> Imports from SQL statements</string>
	<string name="2378">Type the query which will get the data</string>
	<string name="2379">Select Database</string>
	<string name="2380">Select database where you want to import to</string>
	<string name="2381">What do you want to do on error?</string>
	<string name="2382"> Alter currently selected stored procedure</string>
	<string name="2383"> Drop currently selected stored procedure</string>
	<string name="2384">Email Options...(Continued)</string>
	<string name="2385"> Alter currently selected function</string>
	<string name="2386"> Drop currently selected function</string>
	<string name="2387"> Drop currently selected trigger</string>
	<string name="2388"> Alter view structure of the selected view</string>
	<string name="2389"> Drop the currently selected view </string>
	<string name="2390"> Create a new view in the selected database</string>
	<string name="2391"> Create a new stored procedure in the selected database</string>
	<string name="2392"> Create a new function in the selected database</string>
	<string name="2393"> Create a new trigger in the currently selected table</string>
	<string name="2394"> Alter currently selected trigger</string>
	<string name="2395">Add a new SQL Editor</string>
	<string name="2396">Completing the SQLyog Notification Wizard</string>
	<string name="2397"> Rename currently selected view</string>
	<string name="2398"> Rename currently selected trigger</string>
	<string name="2399"> Place the cursor on a line you specify</string>
	<string name="2400">Specify a subject for Email or select YYYY-MM-DD OR YY-MM-DD HH:MM:SS to autogenerate subject from current Data/Time value</string>
	<string name="2401">Completing the Scheduled Export As Batch Script Option</string>
	<string name="2402">Completing the SQLyog Database Synchronization Wizard</string>
	<string name="2403"> Create a valid SQL SELECT statement for the table</string>
	<string name="2404"> Add current query(s) to favorites list</string>
	<string name="2405"> Organize your favorite folder</string>
	<string name="2406"> Close the current SQL Editor</string>
	<string name="2407"> Refresh favorites</string>
	<string name="2408">Select Table(s)</string>
	<string name="2409">You can choose one or more table(s) to copy. You can copy the
schema or data as it appears on the table or click(...) to transform the structure.</string>
	<string name="2410">Single file for all Databases</string>
	<string name="2411"> Create a valid SQL UPDATE statement for the table</string>
	<string name="2412"> Create a valid SQL DELETE statement for the table</string>
	<string name="2413">How do you want to perform synchronization?</string>
	<string name="2414">Choose what type you want to do</string>
	<string name="2415">Open a SQL file in new tab</string>
	<string name="2416">Add a new Schema Designer</string>
	<string name="2417">Add a new Query Builder</string>
	<string name="2418">&amp;File</string>
	<string name="2419">&amp;New Connection Using Current Settings	Ctrl+N</string>
	<string name="2420">New &amp;Connection...	Ctrl+M</string>
	<string name="2421">New &amp;Query Editor	Ctrl+T</string>
	<string name="2422">New Query &amp;Builder	Ctrl+K</string>
	<string name="2423">Ne&amp;w Schema Designer	Ctrl+Alt+D</string>
	<string name="2424">Close &amp;Tab	Alt+L</string>
	<string name="2425">&amp;Disconnect	Ctrl+F4/Ctrl+W</string>
	<string name="2426">Disconnect Al&amp;l</string>
	<string name="2427">&amp;Open...	Ctrl+O</string>
	<string name="2428">&amp;Save...	Ctrl+S</string>
	<string name="2429">S&amp;ave As...</string>
	<string name="2430">&amp;Recent Files</string>
	<string name="2431">E&amp;xit	Alt+F4</string>
	<string name="2432">&amp;Edit</string>
	<string name="2433">Change Objec&amp;t Browser Color	</string>
	<string name="2434">Execute Quer&amp;y</string>
	<string name="2435">Execute And Edit &amp;Resultset	F8</string>
	<string name="2436">Format &amp;Current Query	F12</string>
	<string name="2437">Format &amp;Selected Query	Ctrl+F12</string>
	<string name="2438">Format &amp;All Queries	Shift+F12</string>
	<string name="2439">&amp;Insert Templates...	Ctrl+Shift+T</string>
</resources>