<?xml version="1.0" encoding="utf-8"?>
<resources>
	<string name="3577">Apply changes (Ctrl+S)</string>
	<string name="3578">Previous difference (Ctrl+P)</string>
	<string name="3579">Next difference (Ctrl+N)</string>
	<string name="3580">Select a table (Ctrl+T)</string>
	<string name="3581">Hide similar rows (Ctrl+H)</string>
	<string name="3582">Source (Ctrl+L)</string>
	<string name="3583">Target (Ctrl+R)</string>
	<string name="3584">Merge to target (Ctrl+Right)</string>
	<string name="3585">Merge to source (Ctrl+Left)</string>
	<string name="3586">Preview SQL (Ctrl+Q)</string>
	<string name="3587">Revert changes (Ctrl+Z)</string>
	<string name="3588">Revert selected changes (Ctrl+Shift+Z)</string>
	<string name="3589">Stop (Ctrl+Enter)</string>
	<string name="3590">Stop (Ctrl+S)</string>
	<string name="3591">Executing queries%.*s</string>
	<string name="3592">Compare (Ctrl+Enter)</string>
	<string name="3593">Pause (Ctrl+P)</string>
	<string name="3594">Pause (Ctrl+N)</string>
</resources>