﻿<?xml version="1.0" encoding="utf-8"?>
<resources>
	<string name="2440">&amp;Undo	Ctrl+Z</string>
	<string name="2441">&amp;Redo	Ctrl+Y</string>
	<string name="2442">Cu&amp;t	Ctrl+X</string>
	<string name="2443">&amp;Copy	Ctrl+C</string>
	<string name="2444">&amp;Paste	Ctrl+V</string>
	<string name="2445">Insert From Fi&amp;le...</string>
	<string name="2446">Select &amp;All	Ctrl+A</string>
	<string name="2447">&amp;Find...	Ctrl+F</string>
	<string name="2448">Find Next	F3</string>
	<string name="2449">R&amp;eplace...	Ctrl+H</string>
	<string name="2450">&amp;Go To...	Ctrl+G</string>
	<string name="2451">Li&amp;st All Tags	Ctrl+Space</string>
	<string name="2452">List &amp;Matching Tags	Ctrl+Enter</string>
	<string name="2453">Sho&amp;w Result/Table Data/Data Set In Text	Ctrl+L</string>
	<string name="2454">Hide Object &amp;Browser	Ctrl+Shift+1</string>
	<string name="2455">Hide Result Pa&amp;ne	Ctrl+Shift+2</string>
	<string name="2456">&amp;Hide SQL Editor	Ctrl+Shift+3</string>
	<string name="2457">Switch To Pre&amp;vious Tab	Ctrl+PgUp</string>
	<string name="2458">Switch To Ne&amp;xt Tab	Ctrl+PgDown</string>
	<string name="2459">A&amp;dvanced</string>
	<string name="2460">Make Selection &amp;Uppercase	Ctrl+Shift+U</string>
	<string name="2461">Make Selection &amp;Lowercase	Ctrl+Shift+L</string>
	<string name="2462">&amp;Comment Selection	Ctrl+Shift+C</string>
	<string name="2463">&amp;Remove Comment From Selection	Ctrl+Shift+R</string>
	<string name="2464">Fa&amp;vorites</string>
	<string name="2465">&amp;Add To Favorites...	  Ctrl+Shift+F</string>
	<string name="2466">&amp;Organize Favorites...</string>
	<string name="2467">&amp;Refresh Favorites</string>
	<string name="2468">&amp;Copy Database To Different Host/Database...</string>
	<string name="2469">Create &amp;Database...	Ctrl+D</string>
	<string name="2470">&amp;Alter Database...	F6</string>
	<string name="2471">C&amp;reate</string>
	<string name="2472">&amp;Table...</string>
	<string name="2473">&amp;View...</string>
	<string name="2474">&amp;Stored Procedure...</string>
	<string name="2475">&amp;Function...</string>
	<string name="2476">Tri&amp;gger... </string>
	<string name="2477">&amp;Event...</string>
	<string name="2478">More Database &amp;Operations</string>
	<string name="2479">Dro&amp;p Database...	Del</string>
	<string name="2480">Tr&amp;uncate Database...	Shift+Del</string>
	<string name="2481">E&amp;mpty Database...</string>
	<string name="2482">&amp;Backup/Export</string>
	<string name="2483">&amp;Scheduled Backups...	Ctrl+Alt+S</string>
	<string name="2484">&amp;Backup Database As SQL Dump...	Ctrl+Alt+E</string>
	<string name="2485">&amp;Import </string>
	<string name="2486">Import E&amp;xternal Data...	Ctrl+Alt+O</string>
	<string name="2487">&amp;Execute SQL Script...	Ctrl+Shift+Q</string>
	<string name="2488">Create Schema For Database In &amp;HTML...	Ctrl+Shift+Alt+S</string>
	<string name="2489">&amp;Paste SQL Statement</string>
	<string name="2490">&amp;INSERT INTO &lt;tablename>...	Alt+Shift+I</string>
	<string name="2491">&amp;UPDATE &lt;tablename> SET...	Alt+Shift+U</string>
	<string name="2492">&amp;DELETE FROM &lt;tablename>...	Alt+Shift+D</string>
	<string name="2493">&amp;SELECT &lt;col-1>...&lt;col-n> FROM...	Alt+Shift+S</string>
	<string name="2494">&amp;Copy Table(s) To Different Host/Database...</string>
	<string name="2495">&amp;Open Table	F11</string>
	<string name="2496">Create &amp;Table	F4</string>
	<string name="2497">&amp;Alter Table	F6</string>
	<string name="2498">&amp;Manage Indexes	F7</string>
	<string name="2499">Re&amp;lationships/Foreign Keys	F10</string>
	<string name="2500">Mo&amp;re Table Operations</string>
	<string name="2501">&amp;Rename Table	F2</string>
	<string name="2502">Tru&amp;ncate Table...	Shift+Del</string>
	<string name="2503">&amp;Drop Table From Database...	Del</string>
	<string name="2504">Re&amp;order Column(s)	Ctrl+Alt+R</string>
	<string name="2505">Duplicate Table &amp;Structure/Data...</string>
	<string name="2506">View &amp;Table Properties</string>
	<string name="2507">empty</string>
	<string name="2508">&amp;Backup Table(s) As SQL Dump...	Ctrl+Alt+E</string>
	<string name="2509">&amp;Export Table Data As...	Ctrl+Alt+C</string>
	<string name="2510">&amp;Import CSV Data Using LOAD LOCAL...	Ctrl+Shift+M</string>
	<string name="2511">Create Tri&amp;gger...	F4</string>
	<string name="2512">&amp;Others</string>
	<string name="2513">Drop &amp;Column...	Del</string>
	<string name="2514">&amp;Manage Columns	F6</string>
	<string name="2515">&amp;Indexes</string>
	<string name="2516">Create &amp;Index	F4</string>
	<string name="2517">&amp;Edit Index	F6</string>
	<string name="2518">&amp;Drop Index...	Del</string>
	<string name="2519">&amp;Views</string>
	<string name="2520">Create &amp;View...	F4</string>
	<string name="2521">&amp;Alter View...	F6</string>
	<string name="2522">&amp;Drop View...	Del</string>
	<string name="2523">&amp;Rename View	F2</string>
	<string name="2524">&amp;Export View...</string>
	<string name="2525">Vie&amp;w Data</string>
	<string name="2526">&amp;Stored Procedures</string>
	<string name="2527">Create &amp;Stored Procedure...	F4</string>
	<string name="2528">&amp;Alter Stored Procedure...	F6</string>
	<string name="2529">&amp;Drop Stored Procedure...	Del</string>
	<string name="2530">&amp;Functions</string>
	<string name="2531">Create &amp;Function...	F4</string>
	<string name="2532">&amp;Alter Function...	F6</string>
	<string name="2533">&amp;Drop Function...	Del</string>
	<string name="2534">&amp;Triggers</string>
	<string name="2535">&amp;Alter Trigger...	F6</string>
	<string name="2536">&amp;Drop Trigger...	Del</string>
	<string name="2537">&amp;Rename Trigger	F2</string>
	<string name="2538">&amp;Events</string>
	<string name="2539">&amp;Create Event...	F4</string>
	<string name="2540">&amp;Alter Event...	F6</string>
	<string name="2541">&amp;Drop Event...	Del</string>
	<string name="2542">&amp;Rename Event	F2</string>
	<string name="2543">&amp;Tools</string>
	<string name="2544">&amp;Export All Rows Of Table Data/Result As...	Ctrl+Shift+E</string>
	<string name="2545">Execute &amp;SQL Script...	Ctrl+Shift+Q</string>
	<string name="2546">&amp;Flush...	Ctrl+Alt+F</string>
	<string name="2547">&amp;Table Diagnostics...	Ctrl+Alt+T</string>
	<string name="2548">&amp;User Manager	Ctrl+U</string>
	<string name="2549">Sho&amp;w</string>
	<string name="2550">&amp;Variables...</string>
	<string name="2551">&amp;Processlist...</string>
	<string name="2552">&amp;Status...</string>
	<string name="2553">Change &amp;Language	Alt+Shift+L</string>
	<string name="2554">&amp;Preferences...</string>
	<string name="2555">&amp;Powertools</string>
	<string name="2556">Database S&amp;ynchronization Wizard...	Ctrl+Alt+W</string>
	<string name="2557">Schema &amp;Synchronization Tool...	Ctrl+Q</string>
	<string name="2558">S&amp;QL Scheduler and Reporting Wizard...	Ctrl+Alt+N</string>
	<string name="2559">S&amp;cheduled Backups...	Ctrl+Alt+S</string>
	<string name="2560">Scheduled &amp;Jobs...</string>
	<string name="2561">&amp;Rebuild tags</string>
	<string name="2562">&amp;Window</string>
	<string name="2563">&amp;Cascade</string>
	<string name="2564">&amp;Tile Windows</string>
	<string name="2565">&amp;Icon Arrange</string>
	<string name="2566">&amp;Help</string>
	<string name="2567">&amp;Help	F1</string>
	<string name="2568">&amp;Keyboard Shortcuts...</string>
	<string name="2569">Check For &amp;Updates...</string>
	<string name="2570">Change &amp;Registration Details...</string>
	<string name="2571">&amp;About...</string>
	<string name="2572">Items</string>
	<string name="2573">Set Primary Key</string>
	<string name="2574">Insert Column</string>
	<string name="2575">Delete Column</string>
	<string name="2576">Insert New Row</string>
	<string name="2577">Delete Row(s)</string>
	<string name="2578">Save Changes</string>
	<string name="2579">Cancel Updation</string>
	<string name="2580">Set to Empty String</string>
	<string name="2581">Set to NULL</string>
	<string name="2582">Set to Default</string>
	<string name="2583">Export All Rows Of Table Data/Result As...	Ctrl+Shift+E</string>
	<string name="2584">Copy Cell Data To Clipboard</string>
	<string name="2585">Copy All Rows To Clipboard...</string>
	<string name="2586">Copy Selected Row(s) To Clipboard...</string>
	<string name="2587">Drop Column</string>
	<string name="2588">Refresh Object Browser	F9</string>
	<string name="2589">Show Values</string>
	<string name="2590">Kill Process...</string>
	<string name="2591">&amp;Remove History</string>
	<string name="2592">Copy &amp;History to Clipboard</string>
	<string name="2593">&amp;Save History To  File...	Ctrl+S</string>
	<string name="2594">Scheduled Backups...	Ctrl+Alt+S</string>
	<string name="2595">&amp;Import External Data...	Ctrl+Alt+O</string>
	<string name="2596">&amp;Import From SQL Statements...	Ctrl+Shift+Q</string>
	<string name="2597">User Manager</string>
	<string name="2598">&amp;Add User...	Ctrl+U</string>
	<string name="2599">&amp;Rename User...</string>
	<string name="2600">&amp;Edit User...	Ctrl+Alt+U</string>
	<string name="2601">Manage Permissions...	Ctrl+Shift+W</string>
	<string name="2602">As CSV...	Ctrl+Alt+C</string>
	<string name="2603">As XML...	Ctrl+Alt+X</string>
	<string name="2604">As HTML...	Ctrl+Alt+H</string>
	<string name="2605">Quick Filter</string>
	<string name="2606">Field = Value</string>
	<string name="2607">Field != Value</string>
	<string name="2608">Field &lt; Value</string>
	<string name="2609">Field > Value</string>
	<string name="2610">Remove Filter</string>
	<string name="2611">&amp;Open</string>
	<string name="2612">&amp;Delete</string>
	<string name="2613">&amp;Rename</string>
	<string name="2614">Tab</string>
	<string name="2615">&amp;Close</string>
	<string name="2616">&amp;Line</string>
	<string name="2617">&amp;Join Type</string>
	<string name="2618">&amp;Inner Join</string>
	<string name="2619">&amp;Left Join</string>
	<string name="2620">&amp;Right Join</string>
	<string name="2621">Grid Menu</string>
	<string name="2622">&amp;Insert Column</string>
	<string name="2623">&amp;Delete Column</string>
	<string name="2624">&amp;Clear All Columns</string>
	<string name="2625">Canvas menu</string>
	<string name="2626">&amp;Add Tables...             </string>
	<string name="2627">&amp;Load Schema Design...</string>
	<string name="2628">&amp;Export Canvas As Image...</string>
	<string name="2629">Zoom</string>
	<string name="2630">View Page Break</string>
	<string name="2631">Print Canvas...</string>
	<string name="2632">Table Menu</string>
	<string name="2633">Table Vie&amp;w                      	             </string>
	<string name="2634">&amp;Standard</string>
	<string name="2635">Column &amp;Names Only</string>
	<string name="2636">&amp;Alter Table...               </string>
	<string name="2637">Manage &amp;Indexes...</string>
	<string name="2638">Re&amp;lationships/Foreign Keys...</string>
	<string name="2639">&amp;Truncate Table...</string>
	<string name="2640">Dro&amp;p Table From Database...</string>
	<string name="2641">Drop &amp;Column...</string>
	<string name="2642">&amp;Remove Table From Canvas</string>
	<string name="2643">Re&amp;order Columns...</string>
	<string name="2644">Empty</string>
	<string name="2645">&amp;View Advanced Properties...</string>
	<string name="2646">Relatioship Line</string>
	<string name="2647">&amp;Properties...</string>
	<string name="2648">&amp;Delete relationship... </string>
	<string name="2649">Table Tool Bar Menu</string>
	<string name="2650">Standard View</string>
	<string name="2651">Column Names Only</string>
	<string name="2652">&amp;Add Tables/Views...             </string>
	<string name="2653">&amp;Load Query Design...</string>
	<string name="2654">Clear</string>
	<string name="2655">&amp;Clear</string>
	<string name="2656"> Connect to MySQL Host</string>
	<string name="2657">&amp;New...</string>
	<string name="2658">Clone...</string>
	<string name="2659">&amp;Save</string>
	<string name="2660">&amp;Rename...</string>
	<string name="2661">Sa&amp;ved Connections</string>
	<string name="2662">&amp;MySQL Host Address</string>
	<string name="2663">Save Pass&amp;word</string>
	<string name="2664">Data&amp;base(s)</string>
	<string name="2665">Pr&amp;ivate Key</string>
	<string name="2666">(Separate multiple databases with a semicolon &apos;;&apos; .
Leaving Database(s) blank will display all databases)</string>
	<string name="2667">&amp;URL</string>
	<string name="2668">Time&amp;out</string>
	<string name="2669">&amp;Advanced...</string>
	<string name="2670">(SQLyogTunnel.php is available in the installation directory.
You may rename it if you don&apos;t want to expose the SQLyog tunneler)</string>
	<string name="2671">Use SSH Tunnelin&amp;g</string>
	<string name="2672">SSH &amp;Host Address</string>
	<string name="2673">SSH P&amp;ort</string>
	<string name="2674">Public &amp;Key</string>
	<string name="2675">P&amp;assword</string>
	<string name="2676">Sa&amp;ve Password</string>
	<string name="2677">Use SSL Encr&amp;yption</string>
	<string name="2678">CA Certificat&amp;e</string>
	<string name="2679">Cl&amp;ient Key</string>
</resources>