﻿<?xml version="1.0" encoding="utf-8"?>
<resources>
	<string name="1960">&amp;Mapping:</string>
	<string name="1961">&amp;OK</string>
	<string name="1962">Source Column:</string>
	<string name="1963">SQL WHERE</string>
	<string name="1964">&amp;Parse</string>
	<string name="1965">You can specify a valid SQL WHERE clause for the table to sync only those rows that fulfill the WHERE clause.
( Note: Don&apos;t include WHERE in the clause )</string>
	<string name="1966">An error occured while executing a query.</string>
	<string name="1967">Error Query</string>
	<string name="1968">Description</string>
	<string name="1969">Do you want to continue importing data ?</string>
	<string name="1970">&amp;Yes</string>
	<string name="1971">&amp;No</string>
	<string name="1972"> Register SQLyog </string>
	<string name="1973">&amp;Name</string>
	<string name="1974">License &amp;Key</string>
	<string name="1975">&amp;Register...</string>
	<string name="1976">(Note: License key is case sensitive)</string>
	<string name="1977">This is a trial version of SQLyog.</string>
	<string name="1978">Number of days left in trial:</string>
	<string name="1979">To purchase SQLyog visit: </string>
	<string name="1980">Continue...</string>
	<string name="1981">&amp;Exit</string>
	<string name="1982"> SQLyog ODBC Import Wizard</string>
	<string name="1983">Completing the ODBC Import Wizard</string>
	<string name="1984">You have successfully specified the information needed to Import Data to MySQL. Click FINISH to complete the process.</string>
	<string name="1985">Save As SQL scripts In File</string>
	<string name="1986">Run immediately</string>
	<string name="1987">Importing data...</string>
	<string name="1988"> Create Table SQL Statement</string>
	<string name="1989">You can customize the default CREATE TABLE statement. However once you have customized the statement, you must manually include changes to any subsequent column mappings.</string>
	<string name="1990">&amp;Auto Generate</string>
	<string name="1991">&amp;Set FOREIGN_KEY_CHECKS=0 for target</string>
	<string name="1992">Sync &amp;all tables in the database</string>
	<string name="1993">Selec&amp;t all</string>
	<string name="1994">Desele&amp;ct all</string>
	<string name="1995">Sync &amp;only selected tables</string>
	<string name="1996"> Advanced Properties</string>
	<string name="1997">&amp;Refresh</string>
	<string name="1998">&amp;Kill Process</string>
	<string name="1999"> Create New Schedule</string>
	<string name="2000">Enter Schedule Name</string>
	<string name="2001">Completing the Database Synchronization Wizard</string>
	<string name="2002">&amp;Terminate</string>
	<string name="2003">Target  :</string>
	<string name="2004">The output is saved in</string>
	<string name="2005">Scheduled Jobs</string>
	<string name="2006">E&amp;xecute</string>
	<string name="2007">&amp;Edit...</string>
	<string name="2008">&amp;Delete...</string>
	<string name="2009">Manage Jobs created with SQLyog.
Note: To create a job use the respective job wizards</string>
	<string name="2010">What do you want to do?</string>
	<string name="2011">&amp;Send query result to an Email address</string>
	<string name="2012">Include &amp;original query</string>
	<string name="2013">Include &amp;messages returned from server</string>
	<string name="2014">E&amp;xecute maintenance query(s)</string>
	<string name="2015">Sen&amp;d mail on error</string>
	<string name="2016">How do you want to handle error(s)?</string>
	<string name="2017">&amp;Exit immediately</string>
	<string name="2018">&amp;Continue with next query</string>
	<string name="2019">Specify MySQL Connection Details</string>
	<string name="2020">&amp;MySQL host address</string>
	<string name="2021">&amp;Username</string>
	<string name="2022">P&amp;ort</string>
	<string name="2023">Use &amp;HTTP Tunneling</string>
	<string name="2024">Copy from</string>
	<string name="2025">Sender Information</string>
	<string name="2026">From na&amp;me</string>
	<string name="2027">&amp;From email</string>
	<string name="2028">&amp;Reply email</string>
	<string name="2029">Recipient Information</string>
	<string name="2030">&amp;To email</string>
	<string name="2031">SMTP Server Information</string>
	<string name="2032">&amp;Host</string>
	<string name="2033">&amp;Encryption</string>
	<string name="2034">&amp;SMTP server requires authentication</string>
	<string name="2035">&amp;Account name</string>
	<string name="2036">Test Settin&amp;gs...</string>
	<string name="2037">Execute from an external SQL file or enter query(s)</string>
	<string name="2038">&amp;Select file</string>
	<string name="2039">&amp;File name</string>
	<string name="2040">Enter &amp;query(s)</string>
	<string name="2041">&amp;Execute &amp; Test</string>
	<string name="2042">Advanced Options</string>
	<string name="2043">&amp;One-way synchronization</string>
	<string name="2044">&amp;Don&apos;t delete extra row(s) in target database</string>
	<string name="2045">&amp;Two-way synchronization</string>
	<string name="2046">In One-way synchronization, no modification is done in the source database. The extra rows present in the target database are deleted if you keep the checkbox &quot;Don&apos;t delete extra row(s) in Target database&quot; unchecked.</string>
	<string name="2047">Two-way synchronization allows you to transfer data from the source to the target and vice-versa. In case of conflicting primary keys, the data from the source overwrites the target data.</string>
	<string name="2048">Outgoing Mail Server</string>
	<string name="2049">Logon Information</string>
	<string name="2050">&amp;User defined</string>
	<string name="2051">Specify the Email subject</string>
	<string name="2052">HTTP Response</string>
	<string name="2053">&amp;Structure and data</string>
	<string name="2054">St&amp;ructure only</string>
	<string name="2055">Include &quot;&amp;CREATE database&quot; statement</string>
	<string name="2056">Include &quot;&amp;USE database&quot; statement</string>
	<string name="2057">Include &quot;&amp;DROP&quot; statement(s)</string>
	<string name="2058">Generate bul&amp;k INSERT statement</string>
	<string name="2059">Generate comp&amp;lete INSERT statement</string>
	<string name="2060">Generate INSERT DELA&amp;YED statement</string>
	<string name="2061">Export</string>
	<string name="2062">DDL Options</string>
	<string name="2063">DML Options</string>
	<string name="2064">Compress (&amp;zip) backup files</string>
	<string name="2065">&amp;Single file for all object(s)</string>
	<string name="2066">S&amp;eparate file for each object</string>
	<string name="2067">F&amp;older name</string>
	<string name="2068">[Note: This option allows you to backup data of multiple tables across SQL files. SQLyog will generate a file named obj_{objectname}.sql for each database object.]</string>
	<string name="2069">&amp;Create a subfolder with timestamp</string>
	<string name="2070">[Note: A new folder with YYYY-MM-DD HH-MM-SS will be created in the location mentioned above.]</string>
	<string name="2071">&amp;Prefix SQL filenames with timestamp </string>
	<string name="2072">&amp;Overwrite existing file</string>
	<string name="2073">&amp;Append to existing file</string>
	<string name="2074">Export data as batch script Wizard</string>
	<string name="2075">Select Object(s)</string>
	<string name="2076">Export &amp;All Objects</string>
	<string name="2077">Export &amp;Selected Object(s)</string>
	<string name="2078">Flush Options</string>
	<string name="2079">Flush &amp;logs before dump</string>
	<string name="2080">Flush &amp;master log</string>
	<string name="2081">Flush &amp;slave logs</string>
	<string name="2082">Options having effect on source</string>
	<string name="2083">Lock &amp;tables for read</string>
	<string name="2084">Single t&amp;ransaction</string>
	<string name="2085">Options written to file</string>
	<string name="2086">Set &amp;AUTOCOMMIT=0</string>
	<string name="2087">C&amp;harset</string>
	<string name="2088">Set &amp;FOREIGN_KEY_CHECKS=0</string>
	<string name="2089">Add lock around &amp;INSERT statement(s)</string>
	<string name="2090">Add &amp;DISABLE/ENABLE keys around INSERT statement(s)</string>
	<string name="2091">Max. size (in KB) for BULK INSERT statement(s)</string>
	<string name="2092">Custom si&amp;ze</string>
	<string name="2093">Chunk size (in rows) during batch exports </string>
	<string name="2094">Don&apos;t break into &amp;chunks</string>
	<string name="2095">Ch&amp;unk size</string>
	<string name="2096">rows</string>
	<string name="2097">&amp;Abort on error</string>
	<string name="2098">&amp;Email notifications</string>
	<string name="2099">Error Handling</string>
	<string name="2100">&amp;Only on error</string>
	<string name="2101">E&amp;verytime</string>
	<string name="2102">HTTP Tunneling Settings</string>
	<string name="2103">Use &amp;Proxy Server</string>
	<string name="2104">&amp;Server</string>
	<string name="2105">Pass&amp;word</string>
	<string name="2106">Use &amp;Credentials</string>
	<string name="2107">HTTP Header</string>
	<string name="2108">Content-&amp;type</string>
	<string name="2109">Always Use &amp;Base64 Encoding For Data Stream</string>
	<string name="2110">&amp;Clear defaults</string>
	<string name="2111">&amp;Mapping</string>
	<string name="2112">Copy &amp;table(s) from the data source</string>
	<string name="2113">Use a &amp;query to specify the data to transfer</string>
	<string name="2114">SQLyog Migration Toolkit</string>
	<string name="2115">Enter SQL statement</string>
	<string name="2116">&amp;Open SQL File...</string>
	<string name="2117">Table(s)</string>
	<string name="2118">Set foreign_key_checks = 0</string>
	<string name="2119">&amp;Re-Generate</string>
	<string name="2120">Copy From</string>
	<string name="2121">From &amp;name</string>
	<string name="2122">&amp;Port</string>
	<string name="2123">SMTP server requires authentication</string>
	<string name="2124">T&amp;est Settings...</string>
	<string name="2125">Specify The Email Subject</string>
	<string name="2126">When</string>
	<string name="2127">&amp;Save &amp; Schedule</string>
	<string name="2128">Save &amp;as job file</string>
	<string name="2129">Save &amp; Schedule &amp;it</string>
	<string name="2130">SQLyog Advanced Table Options</string>
	<string name="2131">You can customize the default TABLE statement attributes</string>
	<string name="2132">&amp;Create Destination Table</string>
	<string name="2133">C&amp;opy Data</string>
	<string name="2134">&amp;Drop destination table if exists</string>
	<string name="2135">&amp;Replace data</string>
	<string name="2136">Cr&amp;eate destination table if not exists</string>
	<string name="2137">A&amp;ppend data</string>
	<string name="2138">On Error</string>
	<string name="2139">&amp;Ignore</string>
	<string name="2140">&amp;Abort</string>
	<string name="2141">Import inde&amp;x</string>
	<string name="2142">Import &amp;foreign keys</string>
	<string name="2143">SQLyog Import Wizard</string>
	<string name="2144">Timeout</string>
	<string name="2145">Local host</string>
	<string name="2146">Error handling</string>
	<string name="2147">1</string>
	<string name="2148">Completing the Database Import Wizard</string>
	<string name="2149">Specify Job File:</string>
	<string name="2150">Specify Schedule Name:</string>
	<string name="2151">DDL/DML Options</string>
	<string name="2152">Import Options</string>
	<string name="2153">Import table &amp;structure only</string>
	<string name="2154">&amp;Table type</string>
	<string name="2155">If the table already exists in target, then</string>
	<string name="2156">&amp;Drop and recreate</string>
	<string name="2157">&amp;Import into existing table</string>
	<string name="2158">Ab&amp;ort</string>
	<string name="2159">T&amp;runcate table content</string>
	<string name="2160">&amp;Update with source details</string>
	<string name="2161">&amp;Keep target data</string>
	<string name="2162">Apply &amp;changes to all tables</string>
	<string name="2163">On duplicate data</string>
	<string name="2164">Trigger Options</string>
	<string name="2165">Update source row</string>
	<string name="2166">Delete source row</string>
	<string name="2167">This option allows you to specify triggers that are fired in the source after a row has been successfully imported to the server</string>
	<string name="2168">Selecting this option will delete successfully imported rows from the source</string>
	<string name="2169">Specify job file</string>
	<string name="2170">Specify schedule name</string>
	<string name="2171">The wizard was completed successfully.</string>
	<string name="2172">&amp;Direct sync</string>
	<string name="2173">&amp;Generate script</string>
	<string name="2174">&amp;Sync and generate script</string>
	<string name="2175">Synchronization Type</string>
	<string name="2176">File name</string>
	<string name="2177">Add Tables</string>
	<string name="2178">Database:</string>
	<string name="2179">&amp;Select/Deselect all</string>
	<string name="2180">SysListView32</string>
	<string name="2181">Add parent &amp;tables</string>
	<string name="2182">&amp;Add</string>
	<string name="2183">Add &amp;child tables</string>
	<string name="2184">Unable To Load Table(s)</string>
	<string name="2185">Table name(s)</string>
	<string name="2186">Choose Database</string>
	<string name="2187">Select an existing database or Create a new database</string>
	<string name="2188">&amp;Select an existing database</string>
	<string name="2189">Create &amp;new database</string>
	<string name="2190">&amp;Continue</string>
	<string name="2191">C&amp;ancel</string>
	<string name="2192">&amp;Select / Deselect all tables</string>
	<string name="2193">&amp;Create Selected Table(s) And Continue</string>
	<string name="2194">Continue &amp;Without Creating Any Table(s)</string>
	<string name="2195">The following tables that are present in the schema file are not available in the current database.</string>
	<string name="2196">Table Structure Out Of Sync</string>
	<string name="2197">&amp;Use the existing table from database</string>
	<string name="2198">&amp;Skip the table</string>
	<string name="2199">Skip &amp;all remaining tables</string>
</resources>