<?xml version="1.0" encoding="utf-8"?>
<resources>
	<string name="3629">Open Session Savepoint...	Ctrl+Shift+O</string>
	<string name="3630">Save Session...	Ctrl+Shift+S</string>
	<string name="3631">Save Session As...</string>
	<string name="3632">End Session	Ctrl+Shift+X</string>
	<string name="3633">The backup of Session Savepoint is created at</string>
	<string name="3634">Note: If you want to copy to different host(s), connect to multiple host(s) using  File -> New Connection. The target connection dropdown would then list all connections.</string>
	<string name="3635">Connection</string>
	<string name="3636">Do you want to save the current session?</string>
	<string name="3637">BUY</string>
	<string name="3638">TRY</string>
	<string name="3639">days trial left</string>
	<string name="3640">day trial left</string>
	<string name="3641">Copy associated triggers</string>
	<string name="3642">Do you want to save current Configuration?</string>
	<string name="3643">&Saving options</string>
	<string name="3644"> Save current configuration in a jobfile for future use.</string>
	<string name="3645">Do you want to run after saving current configuration in a job file or run without saving?</string>
	<string name="3646">Specify Job File:</string>
	<string name="3647">Virtuality</string>
	<string name="3648">Expression</string>
	<string name="3649">Advance options</string>
	<string name="3650">Prefix with Timestamp</string>
	<string name="3651">File per object</string>
	<string name="3652">Import &amp;XML Data Using LOAD LOCAL...	Ctrl+Shift+X</string>
	<string name="3653">Select Table and Columns To Import In XML</string>
	<string name="3654">Rows Identified by</string>
	<string name="3655">Replace</string>
	
</resources>