﻿<?xml version="1.0" encoding="utf-8"?>
<resources>
	<string name="2920">Miscellaneous </string>
	<string name="2921">Retain user modified column &amp;width</string>
	<string name="2922">Truncate &amp;column headers to maximum data size</string>
	<string name="2923">Always select &quot;Info&quot; tab when a &amp;new item is selected</string>
	<string name="2924">&quot;smart&quot; &amp;KEYWORDS/FUNCTIONS/DEFAULTS handling</string>
	<string name="2925">&amp;Switch F5 and F9 functionalities</string>
	<string name="2926">&amp;Open &quot;Tables&quot; folder in Object Browser as default</string>
	<string name="2927">Check for &amp;updates automatically</string>
	<string name="2928">Data Display/Editing </string>
	<string name="2929">Automatically &amp;refresh Table Data tab on focus</string>
	<string name="2930">&amp;Prompt if multiple rows are getting updated</string>
	<string name="2931">Ena&amp;ble Autopaging in Result tab</string>
	<string name="2932">&amp;Default rows</string>
	<string name="2933">Remember setting for each &amp;query</string>
	<string name="2934">Toolbar </string>
	<string name="2935">Icon si&amp;ze</string>
	<string name="2936">General</string>
	<string name="2937">Generate &amp;queries using backquote(`)</string>
	<string name="2938">Keep &amp;focus on SQL editor after query execution</string>
	<string name="2939">P&amp;rompt if a tab with unsaved changes is closed</string>
	<string name="2940">Paste object name in &amp;editor on double-click</string>
	<string name="2941">Enable &amp;word wrap in SQL editor and BLOB viewer</string>
	<string name="2942">Enable transaction support for &amp;batch process</string>
	<string name="2943">Force disable F&amp;K check throughout HTTP import batch process</string>
	<string name="2944">&amp;Show Warning(s) in Messages tab</string>
	<string name="2945">Export Options </string>
	<string name="2946">&amp;Get server default</string>
	<string name="2947">&amp;Don&apos;t break into chunks</string>
	<string name="2948">&amp;Chunk size</string>
	<string name="2949">Power Tools</string>
	<string name="2950">Power Tools Options </string>
	<string name="2951">&amp;Enable Autocomplete</string>
	<string name="2952">&amp;Show Autocomplete help in SQL editor</string>
	<string name="2953">Always &amp;rebuild tag files on startup</string>
	<string name="2954">S&amp;how suggestion as you type in SQL editor</string>
	<string name="2955">Tags Directory </string>
	<string name="2956">Enable &amp;Query Profiler</string>
	<string name="2957">Sh&amp;ow Profile</string>
	<string name="2958">Status &amp;Variables</string>
	<string name="2959">E&amp;XPLAIN Result</string>
	<string name="2960">EXPLAIN EXTENDED &amp;info</string>
	<string name="2961">SQL Formatter</string>
	<string name="2962">SQL Formatter Options </string>
	<string name="2963">Table and Column List Style</string>
	<string name="2964">&amp;Not stacked</string>
	<string name="2965">&amp;Stacked</string>
	<string name="2966">Linebreaks</string>
	<string name="2967">&amp;Before comma</string>
	<string name="2968">A&amp;fter comma</string>
	<string name="2969">&amp;Indentation</string>
	<string name="2970">spaces</string>
	<string name="2971">Empty Database</string>
	<string name="2972">db1</string>
	<string name="2973">Select the object(s) you want to delete from database</string>
	<string name="2974">SQL Preview</string>
	<string name="2975">Enum/Set</string>
	<string name="2976">Value&amp;s</string>
	<string name="2977">Change value order</string>
	<string name="2978">Enter &amp;value</string>
	<string name="2979">&amp;Replace</string>
	<string name="2980">Re&amp;move</string>
	<string name="2981">Get SQLyog ULTIMATE</string>
	<string name="2982">This feature is available in ULTIMATE version of SQLyog.</string>
	<string name="2983">Get SQLyog ULTIMATE today to enable this and dozens of other great features.</string>
	<string name="2984">Object Browser Color</string>
	<string name="2985">Background &amp;Color</string>
	<string name="2986">&amp;Foreground Color</string>
	<string name="2987">Size Griper</string>
	<string name="2988">Use&amp;r</string>
	<string name="2989">Show only pr&amp;ivileged objects</string>
	<string name="2990">&amp;Delete User</string>
	<string name="2991">Add &amp;New User</string>
	<string name="2992">Hel&amp;p</string>
	<string name="2993">Context help</string>
	<string name="2994">Retype Passw&amp;ord</string>
	<string name="2995">Maximum number of &amp;queries per hour</string>
	<string name="2996">msctls_updown32</string>
	<string name="2997">Ma&amp;ximum number of updates per hour</string>
	<string name="2998">Maxi&amp;mum number of connections per hour</string>
	<string name="2999">Maximum number of user connec&amp;tions</string>
	<string name="3000">Note - Please select an object to GRANT/REVOKE privileges</string>
	<string name="3001">(Note - 0 means no limitations)</string>
	<string name="3002">Select/Deselect &amp;All</string>
	<string name="3003">Custom Filter</string>
	<string name="3004">&amp;Field Name</string>
	<string name="3005">&amp;Condition</string>
	<string name="3006">&amp;Value</string>
	<string name="3007">Select UI Language</string>
	<string name="3008">Languag&amp;e</string>
	<string name="3009">Dialog</string>
	<string name="3010">Limit Ro&amp;ws</string>
	<string name="3011">&amp;First Row:</string>
	<string name="3012"># of &amp;rows:</string>
	<string name="3013">Fil&amp;ter</string>
	<string name="3014">ButtonDropDown</string>
	<string name="3015">S&amp;elect</string>
	<string name="3016">Search Filter</string>
	<string name="3017">Data Types</string>
	<string name="3018">Select &amp;All</string>
	<string name="3019">&amp;Numeric - int/decimal/double/float</string>
	<string name="3020">&amp;String - (var)char/set/enum</string>
	<string name="3021">Binar&amp;y - (var)binary/bit</string>
	<string name="3022">&amp;Date/Time</string>
	<string name="3023">&amp;TEXT</string>
	<string name="3024">&amp;BLOB</string>
	<string name="3025">Up</string>
	<string name="3026">Down</string>
	<string name="3027">Template</string>
	<string name="3028"> Cut and move the selection to the clipboard</string>
	<string name="3029"> Copy the current selection into clipboard</string>
	<string name="3030"> Insert the clipboard content at the current insertion point</string>
	<string name="3031"> Undo the last action</string>
	<string name="3032"> Refresh the object browser</string>
	<string name="3033"> Create a valid SQL INSERT statement for the table</string>
	<string name="3034"> Execute query</string>
	<string name="3035"> Redo the previously undone action</string>
	<string name="3036"> Select all text in the current window</string>
	<string name="3037"> Find the specified text</string>
	<string name="3038"> Find the specified text and replace it with different text</string>
	<string name="3039"> Show or hide the object browser</string>
	<string name="3040"> Export as... (Ctrl+Shift+E)</string>
	<string name="3041"> Arrange the windows as overlapped window</string>
	<string name="3042"> Tile the window</string>
	<string name="3043"> Display the program information and copyright</string>
	<string name="3044"> Execute selected query(s)</string>
	<string name="3045"> Execute all queries</string>
	<string name="3046"> Create schema for the database in HTML</string>
	<string name="3047"> No recent files</string>
	<string name="3048"> Show or hide the result window</string>
	<string name="3049"> Make a copy of the selected table in the database</string>
	<string name="3050"> Reorder columns of the selected table</string>
	<string name="3051"> Table diagnostics</string>
	<string name="3052"> Copy database objects to another host/database</string>
	<string name="3053"> Show or hide the SQL editor</string>
	<string name="3054"> Execute and edit the resultset</string>
	<string name="3055"> Show values</string>
	<string name="3056"> Manage jobs for SQLyog Job Agent</string>
	<string name="3057"> Manage Relationships For the Selected Table</string>
	<string name="3058">Selecting [ALL] to sync all tables in the source database. You can select all columns or specific columns to be used for comparing data. You can also specify a where clause to filter rows that are being compared.</string>
	<string name="3059">Copy table(s) to another host/database</string>
	<string name="3060">Select databases that you want to export</string>
	<string name="3061">You can export ALL databases or SELECTED database.</string>
	<string name="3062">Specify whether you want to generate dump in one single file or across multiple files in a directory</string>
	<string name="3063"> Import from SQL statements</string>
	<string name="3064"> Alter the currently selected stored procedure</string>
	<string name="3065"> Drop the currently selected stored procedure</string>
	<string name="3066"> Alter the currently selected function</string>
	<string name="3067"> Drop the currently selected function</string>
	<string name="3068"> Drop the currently selected trigger</string>
	<string name="3069"> Alter view structure of the currently selected view</string>
	<string name="3070"> Create a new trigger on the currently selected table</string>
	<string name="3071"> Alter the currently selected trigger</string>
	<string name="3072"> Add a new SQL editor</string>
	<string name="3073"> Rename the currently selected view</string>
	<string name="3074"> Rename the currently selected trigger</string>
	<string name="3075"> Place the cursor on a specific line</string>
	<string name="3076"> Create a valid SQL SELECT Statement for the Table</string>
	<string name="3078"> Close the current SQL editor</string>
	<string name="3079"> Export table data as CSV/HTML/XML/SQL statements</string>
	<string name="3080"> Export view data as...</string>
	<string name="3081"> Manage columns</string>
	<string name="3082"> Create indexes for the table</string>
	<string name="3083"> Edit indexes for the table</string>
	<string name="3084"> Alter database</string>
	<string name="3085"> Create a new event</string>
	<string name="3086"> Alter the currently selected event</string>
	<string name="3087"> Drop the currently selected event</string>
	<string name="3088"> Rename the currently selected event</string>
	<string name="3089"> Why upgrade to Professional/Enterprise/Ultimate? Scheduled Jobs allows you to schedule important jobs like backups, data sync, etc</string>
	<string name="3090">No nag screens on startup and shutdown</string>
	<string name="3091">No ads showcasing SQLyog features</string>
	<string name="3092">Dozens of Power Tools for Smart MySQL Management included</string>
	<string name="3093">Get one year of unlimited premier email support</string>
	<string name="3094">Create schema visually using Visual Schema Designer</string>
	<string name="3095">Create relationships using simple drag-n-drop interface</string>
	<string name="3096">Reverse Engineer your database schema using Visual Schema Designer</string>
	<string name="3097">Use Visual Schema designer to share schema design within a team</string>
	<string name="3098">Print your database schema using Visual Schema Designer</string>
	<string name="3099">Construct your queries visually using Visual Query Builder</string>
	<string name="3100">Create SQL faster by using Visual Query Builder</string>
	<string name="3101">Visually create SQL statements without the need to remember column names</string>
	<string name="3102">Build complex queries using drag-n-drop interface</string>
	<string name="3103">Write queries 10x faster using Smart Autocomplete</string>
	<string name="3104">Smart Autocomplete has complete support for table and column aliases</string>
	<string name="3105">Provides intelligent code completion for fast, accurate SQL</string>
	<string name="3106">Smart Autocomplete provides keyword formatting and column picker</string>
	<string name="3107">Smart Autocomplete dramatically reduce your time at the keyboard</string>
	<string name="3108"> Compare and synchronize MySQL database schemas</string>
	<string name="3109">Automate database comparisons</string>
	<string name="3110">Save hours of tedious work and eliminate manual scripting errors</string>
	<string name="3111">Generate schema synchronization scripts</string>
	<string name="3112">Take database snapshots and compare them dash; useful for audit trails</string>
	<string name="3113">Generate schema change histories, ideal for database versioning</string>
	<string name="3114">Apply schema changes from development MySQL to test MySQL to production MySQL</string>
	<string name="3115">Schema Sync tool brings two or more schemas in complete sync</string>
	<string name="3116">Compare the contents of two databases using Data Sync Tool</string>
	<string name="3117">Automatically synchronize your data using Data Sync Tool</string>
	<string name="3118">Data Sync can be scheduled</string>
	<string name="3119">Data Sync allows you to take instant backups of your hosted MySQL data</string>
	<string name="3120">Data Sync tool uses intelligent checksum based algorithm to detect changes</string>
	<string name="3121">Data Sync tool helps you verify the success of your data migration</string>
	<string name="3122">Data Sync tool helps you create an audit trail by comparing backups</string>
	<string name="3123">Data Sync tool helps restore missing or damaged data at table, row or column level </string>
	<string name="3124">Data Sync tool helps troubleshoot your replication issues</string>
	<string name="3125">Use HTTP/SSH Tunneling to connect to MySQL even if direct connection is disallowed</string>
	<string name="3126">HTTP/SSH Tunneling allows you to get rid of the annoying phpMyAdmin page refreshes</string>
	<string name="3127">Import data directly from Excel, Access and CSV files</string>
	<string name="3128">Import schema and data from any ODBC compliant data source</string>
	<string name="3129">Import external data at scheduled intervals</string>
	<string name="3130">Receive status updates over email for scheduled import of external data</string>
	<string name="3131">Import external data containing hundreds of columns and millions of rows</string>
	<string name="3132">Scheduled Backups presents a wizard driven interface to take backups</string>
	<string name="3133">No need to learn cryptic command line tools for backups</string>
	<string name="3134">Scheduled Backups gives you peace of mind</string>
	<string name="3135">Get the resultset of scheduled queries delivered right into your Inbox</string>
	<string name="3136">Run maintenance queries at scheduled intervals using Notification Services</string>
	<string name="3137">Scheduled Jobs allows you to schedule important jobs like backups, data sync, etc.</string>
	<string name="3138">SQL Formatter formats SQL for better readability and maintenance</string>
	<string name="3139">SQL Formatter beautifies your SQL code instantly</string>
	<string name="3140">SQL Formatter &apos;pretty prints&apos; your SQL code</string>
	<string name="3141">Query Profiler helps you identify problem SQL</string>
	<string name="3142">Query Profiler helps you fine-tune SQL</string>
	<string name="3143">Query Profiler helps you create the right indexes</string>
	<string name="3144">Query Profiler analyzes queries and helps you optimize them</string>
	<string name="3145">Query Profiler reports the exact time spent in each step of query execution</string>
	<string name="3146">Query Profiler helps you write better SQL</string>
	<string name="3147">Query Profiler identifies whether indexes are being used effectively</string>
	<string name="3148">Query Profiler helps you improve overall response time of your application</string>
	<string name="3149">Format selected query</string>
	<string name="3150">Format all queries</string>
	<string name="3151">Format current query</string>
	<string name="3152">Create compressed backups and save disk space</string>
	<string name="3153">Schema Optimizer helps you determine the optimal column types</string>
	<string name="3154">Schema Optimizer helps you save memory and disk space</string>
	<string name="3155">Schema Optimizer helps fit more data into memory thereby improving response times</string>
	<string name="3156"> Create a trigger</string>
	<string name="3157"> Create an event</string>
	<string name="3158"> Rename an existing user</string>
	<string name="3159"> Select a file containing SQL statements</string>
</resources>