﻿<?xml version="1.0" encoding="utf-8"?>
<resources>
	<string name="2680">Client Ce&amp;rtificate</string>
	<string name="2681">B&amp;ackground Color</string>
	<string name="2682">F&amp;oreground Color</string>
	<string name="2683">(These colors will be used in the Object Browser for this connection only)</string>
	<string name="2684">SQL Mode</string>
	<string name="2685">Use &amp;global value</string>
	<string name="2686">&amp;Connect</string>
	<string name="2687">&amp;Test Connection</string>
	<string name="2688"> SQL Dump</string>
	<string name="2689">Export as SQL</string>
	<string name="2690">Database na&amp;me</string>
	<string name="2691">&amp;Object(s)</string>
	<string name="2692">Str&amp;ucture only</string>
	<string name="2693">&amp;Data only</string>
	<string name="2694">S&amp;tructure and data</string>
	<string name="2695">Export to &amp;file</string>
	<string name="2696">Loc&amp;k tables for read</string>
	<string name="2697">Flush lo&amp;gs before dump</string>
	<string name="2698">&amp;Single transaction</string>
	<string name="2699">Include &quot;USE d&amp;atabase&quot; statement</string>
	<string name="2700">Set FO&amp;REIGN_KEY_CHECKS=0</string>
	<string name="2701">Create &amp;bulk INSERT statement(s)</string>
	<string name="2702">Include &quot;DRO&amp;P&quot; statement(s) </string>
	<string name="2703">Do&amp;ne</string>
	<string name="2704">O&amp;K</string>
	<string name="2705"> Keyboard Shortcuts for SQLyog</string>
	<string name="2706">Select database and table(s)</string>
	<string name="2707">&amp;Select/Deselect all table(s)</string>
	<string name="2708">O&amp;ptimize...</string>
	<string name="2709">L&amp;ocal</string>
	<string name="2710">C&amp;heck...</string>
	<string name="2711">A&amp;nalyze...</string>
	<string name="2712">Lo&amp;cal</string>
	<string name="2713">&amp;Repair...</string>
	<string name="2714">&amp;Quick</string>
	<string name="2715">&amp;Extended</string>
	<string name="2716">&amp;Use_Frm</string>
	<string name="2717">Loc&amp;al</string>
	<string name="2718">&amp;Create Table...	F4</string>
	<string name="2719">Advanced &amp;Properties...</string>
	<string name="2720">P&amp;review...</string>
	<string name="2721">&amp;Insert</string>
	<string name="2723">Lo&amp;gs</string>
	<string name="2724">&amp;Hosts</string>
	<string name="2725">&amp;Privileges</string>
	<string name="2726">&amp;Status</string>
	<string name="2727">&amp;Tables</string>
	<string name="2728">Tables with &amp;read lock</string>
	<string name="2729">&amp;DES_KEY_FILE</string>
	<string name="2730">&amp;QUERY CACHE</string>
	<string name="2731">&amp;USER_RESOURCES</string>
	<string name="2732">&amp;All</string>
	<string name="2733">Use &amp;NO_WRITE_TO_BINLOG</string>
	<string name="2734">&amp;Flush</string>
	<string name="2735"> SQL Templates</string>
	<string name="2736">SQL Commands</string>
	<string name="2737">Preview</string>
	<string name="2738">Select table(s) for schema generation</string>
	<string name="2739">Duplicate Table</string>
	<string name="2740">With &amp;all fields</string>
	<string name="2741">With &amp;indexes</string>
	<string name="2742">With &amp;triggers</string>
	<string name="2743">&amp;Structure only</string>
	<string name="2744">Structure and &amp;data</string>
	<string name="2745">List1</string>
	<string name="2746"> Create Database</string>
	<string name="2747">Enter new database name</string>
	<string name="2748">&amp;Create</string>
	<string name="2749"> Manage Relationships</string>
	<string name="2750">Create, Edit and Delete FOREIGN KEYS for the selected database and table</string>
	<string name="2751">Existing references</string>
	<string name="2752"> Create / Edit Index</string>
	<string name="2753">Create and edit indexes for the selected database and table</string>
	<string name="2754">&amp;Index name</string>
	<string name="2755">Index Options</string>
	<string name="2756">U&amp;nique</string>
	<string name="2757">&amp;Fulltext</string>
	<string name="2758">&amp;Primary key</string>
	<string name="2759"> Advanced Table Properties</string>
	<string name="2760">&amp;Checksum</string>
	<string name="2761">&amp;Autoincrement</string>
	<string name="2762">Avg &amp;row length</string>
	<string name="2763">Chars&amp;et</string>
	<string name="2764">Collatio&amp;n</string>
	<string name="2765">Co&amp;mment</string>
	<string name="2766">Ma&amp;ximum rows</string>
	<string name="2767">M&amp;inimum rows</string>
	<string name="2768">&amp;Delay key write</string>
	<string name="2769">Row &amp;format</string>
	<string name="2770">C&amp;hunks</string>
	<string name="2771">Chunk &amp;size</string>
	<string name="2772"> Insert/Update Blob Field</string>
	<string name="2773">&amp;Save To File...</string>
	<string name="2774">&amp;Import From File...</string>
	<string name="2775">Set &amp;Null</string>
	<string name="2776">scintilla</string>
	<string name="2777">Size:</string>
	<string name="2778"> Execute Query(s) From A File</string>
	<string name="2779">Execute query(s) stored in a SQL batch file.	
This option is useful when you want to execute batch scripts without loading it into the SQL editor.</string>
	<string name="2780">Current database : </string>
	<string name="2781">&amp;File to execute</string>
	<string name="2782">&amp;Done</string>
	<string name="2783"> Specify The Escape Characters</string>
	<string name="2784">E&amp;scaped by</string>
	<string name="2785">Li&amp;nes terminated by</string>
	<string name="2786">Fields</string>
	<string name="2787">&amp;Fixed length</string>
	<string name="2788">&amp;Variable length</string>
	<string name="2789">Fields &amp;terminated by</string>
	<string name="2790">Fields &amp;enclosed by</string>
	<string name="2791">O&amp;ptionally</string>
	<string name="2792">N&amp;ULL value replaced by</string>
	<string name="2793">&amp;Include column names</string>
	<string name="2794">Fill E&amp;xcel Friendly Values</string>
	<string name="2795">Import CSV Data Using LOAD LOCAL</string>
	<string name="2796">Select Table and Columns To Import In CSV</string>
	<string name="2797">Delimiters</string>
	<string name="2798">Terminated by :</string>
	<string name="2799">Escaped by :</string>
	<string name="2800">Lines</string>
	<string name="2801">&amp;Change...</string>
	<string name="2802">Charset</string>
	<string name="2803">Other Options</string>
	<string name="2804">Low priority</string>
	<string name="2805">Concurrent</string>
	<string name="2806">Ignore</string>
	<string name="2807">lines</string>
	<string name="2808">Import from file</string>
	<string name="2809">&amp;Import...</string>
	<string name="2810">Backup Database</string>
	<string name="2811">Select The Tables You Want To Backup</string>
	<string name="2812">Note: This option uses the MySQL BACKUP TABLE option. Backup will be taken for MyISAM tables only. For other table types use DB -> Export Database As SQL Dump option.</string>
	<string name="2813">&amp;Backup</string>
	<string name="2814">Choose a format in which you want to export your data</string>
	<string name="2815">CSV Options</string>
	<string name="2816">&lt;none></string>
	<string name="2817">NULL replaced by :</string>
	<string name="2818">&amp;Add column names on top</string>
	<string name="2819">Chan&amp;ge...</string>
	<string name="2820">Excel Options</string>
	<string name="2821">Text column si&amp;ze limit</string>
	<string name="2822">Decimal &amp;places</string>
	<string name="2823">SQL Options</string>
	<string name="2824">Data &amp;only</string>
	<string name="2825">Select Field(s) To Export</string>
	<string name="2826">Save to &amp;file</string>
	<string name="2827">To reorder just change the order of the column(s) using Up/Down buttons and press Reorder</string>
	<string name="2828">&amp;Reorder</string>
	<string name="2829">Copy Database</string>
	<string name="2830">This option copies object(s) between database/hosts.</string>
	<string name="2831">Source {Connection - Database}</string>
	<string name="2832">Name:</string>
	<string name="2833">Target {Connection - Database}</string>
	<string name="2834">Note: If you want to copy to different host(s), connect to multiple host(s) using  File -> New Connection. The target database dropdown would then list all databases for all connections.</string>
	<string name="2835">&amp;Drop if exists in target</string>
	<string name="2836">Use &amp;bulk INSERT</string>
	<string name="2837">&amp;Show Summary...</string>
	<string name="2838">Name</string>
	<string name="2839"> Manage Indexes</string>
	<string name="2840">Existing indexes</string>
	<string name="2841"> Create Relationship</string>
	<string name="2842">Current table (foreign key table)</string>
	<string name="2843">Referenced table (primary key table)</string>
	<string name="2844">Indexes...</string>
	<string name="2845">Constraint name</string>
	<string name="2846">On &amp;Delete</string>
	<string name="2847">Cascade</string>
	<string name="2848">Set null</string>
	<string name="2849">No action</string>
	<string name="2850">Restrict</string>
	<string name="2851">On &amp;Update</string>
	<string name="2852"> Export Data as CSV</string>
	<string name="2853">Select Table and Columns To Export In CSV</string>
	<string name="2854">Colum&amp;ns</string>
	<string name="2855">Export to file </string>
	<string name="2856">&amp;Export...</string>
	<string name="2857">( Note: Separate multiple queries by ; )</string>
	<string name="2858">&amp;Parse...</string>
	<string name="2859">User&amp;name</string>
	<string name="2860">Passwor&amp;d</string>
	<string name="2861">&amp;Always Use Base64 Encoding For Data Stream</string>
	<string name="2862">&amp;Show Warnings...</string>
	<string name="2863">SQLyog - SQL Dump Import Error</string>
	<string name="2864">Open &amp;Error File...</string>
	<string name="2865">Editor</string>
	<string name="2866">Fonts </string>
	<string name="2867">SQL &amp;editor</string>
	<string name="2868">Change...</string>
	<string name="2869">&amp;History/Info</string>
	<string name="2870">&amp;Blob viewer</string>
	<string name="2871">&amp;Comment</string>
	<string name="2872">Strin&amp;gs</string>
	<string name="2873">F&amp;unctions</string>
	<string name="2874">Key&amp;words</string>
	<string name="2875">&amp;Normal</string>
	<string name="2876">&amp;Keywords</string>
	<string name="2877">Tabs </string>
	<string name="2878">Tab &amp;size</string>
	<string name="2879">&amp;Insert spaces</string>
	<string name="2880">Kee&amp;p tabs</string>
	<string name="2881">Restore &amp;All Defaults</string>
	<string name="2882">Restore &amp;Tab Defaults</string>
	<string name="2883">Color </string>
	<string name="2884">Case </string>
	<string name="2885">SQLyog can add the current SQL statements to your Favorite list. Alternatively, you can add a link to an existing SQL file.</string>
	<string name="2886">Create in</string>
	<string name="2887">&amp;Use query(s) from current SQL editor. A new file will be created in SQLyog Favorites folder.</string>
	<string name="2888">&amp;Create a link to an existing SQL file. The file will not be copied to SQLyog Favorites folder.</string>
	<string name="2889">&amp;New Folder...</string>
	<string name="2890">Create New Folder</string>
	<string name="2891">SQLyog will create the following folder for you. You can use this folder to Organize Shortcuts in your Favorite menu.</string>
	<string name="2892">Folder name</string>
	<string name="2893">Organize Favorites</string>
	<string name="2894">To create a new folder to organize your favorite query(s), click on the Create Folder button. To rename or delete an item, select an item and click Rename or Delete.</string>
	<string name="2895">&amp;Create Folder </string>
	<string name="2896">&amp;Move to Folder...</string>
	<string name="2897">&amp;Delete </string>
	<string name="2898">Custom1</string>
	<string name="2899">Scintilla</string>
	<string name="2900">Browse for Folder</string>
	<string name="2901">Select the folder that you want to move the selected files to:</string>
	<string name="2902">&amp;Continue...</string>
	<string name="2903">&amp;Buy</string>
	<string name="2904">&amp;Database name</string>
	<string name="2905">Data&amp;base charset</string>
	<string name="2906">Database c&amp;ollation</string>
	<string name="2907">The settings for this connection specify a filter on specific database name(s). You may not be able to see the new database you create.</string>
	<string name="2908">Executed  SQL statement</string>
	<string name="2909">Error number:</string>
	<string name="2910">&amp;Save To Text File...</string>
	<string name="2911">Get SQLyog ENTERPRISE/ULTIMATE</string>
	<string name="2912">&amp;Not Now</string>
	<string name="2913">This feature is available in ENTERPRISE/ULTIMATE version of SQLyog.</string>
	<string name="2914">Get SQLyog ENTERPRISE/ULTIMATE today to enable this and dozens of other great features.</string>
	<string name="2915">&amp;Buy Now</string>
	<string name="2916">Check for updates</string>
	<string name="2917">Caption</string>
	<string name="2918">&amp;Don&apos;t remind me again</string>
	<string name="2919">Others</string>
</resources>