﻿<?xml version="1.0" encoding="utf-8"?>
<resources>
	<string name="3160">次のオカレンスを検索</string>
	<string name="3161">前のタブにスイッチ</string>
	<string name="3162">MySQLユーザーを管理</string>
	<string name="3163">言語を変更</string>
	<string name="3164">選択したクエリーを整形</string>
	<string name="3165">現在のタブを閉じる</string>
	<string name="3166">前のタブにスイッチ</string>
	<string name="3167">次のタブにスイッチ</string>
	<string name="3168">お気に入りのファイルを開く</string>
	<string name="3169">データ検索 - 最も簡単に全データベースを検索する方法</string>
	<string name="3170">データ検索 - あなたの検索でより生産性が上がります</string>
	<string name="3171">クエリーを書かずに全てのデータベースを検索</string>
	<string name="3172">データ構造を気にすることなく全てのデータベースを検索</string>
	<string name="3173">データ検索 - クリック1回でそれぞれのレコードの検索・誘導</string>
	<string name="3174">データ検索 - 正規表現をサポートしたテキストパターンを検索</string>
	<string name="3175">フォームビュー - マニュアルでデータ入力をする最も便利な方法</string>
	<string name="3176">フォームビュー - 行ごとにデータを表示</string>
	<string name="3177">選択した行を削除</string>
	<string name="3178">変更を取り消す</string>
	<string name="3179">空の文字列をセット</string>
	<string name="3180">NULLをセット</string>
	<string name="3181">デフォルト値をセット</string>
	<string name="3182">フィルター</string>
	<string name="3183">フィールド &lt; 値</string>
	<string name="3184">%Valueのようなフィールド</string>
	<string name="3185">Value%のようなフィールド</string>
	<string name="3186">%Value% のようなフィールド</string>
	<string name="3187">コピー</string>
	<string name="3188">現在の行を複製</string>
	<string name="3189">クリップボードへのコピー &amp; 履歴</string>
	<string name="3190">&amp; ファイルに履歴を記録...	Ctrl+S</string>
	<string name="3191">オブジェクト &amp; ブラウザの色を変更...</string>
	<string name="3192">&amp; 閉じる Alt+L</string>
	<string name="3193">メニュー</string>
	<string name="3194">&amp; クリップボードにクエリーをコピー</string>
	<string name="3195">クエリーを &amp; 新しいクエリータブにコピー</string>
	<string name="3196">クエリーを &amp; 同じクエリータブにコピー</string>
	<string name="3197">現在の &amp;クエリーを使ってビューを作成</string>
	<string name="3198">テーブルメニュー</string>
	<string name="3199">開く...	Ctrl+O</string>
	<string name="3200">&amp;トリガーを作成...	F4</string>
	<string name="3201">&amp;イベントを作成...	F4</string>
	<string name="3202">コネクションタブ</string>
	<string name="3203">&amp;切断する	Ctrl+F4</string>
	<string name="3204">ビュー</string>
	<string name="3205">グリッドビュー</string>
	<string name="3206">フォームビュー</string>
	<string name="3207">テキストビュー</string>
	<string name="3208">データサーチ	Ctrl+Shift+D</string>
</resources>