﻿<?xml version="1.0" encoding="utf-8"?>
<resources>
	<string name="2200">どのように続行しますか?</string>
	<string name="2201">表:</string>
	<string name="2202">自動的に表構造を同期させたい場合は、一時的なデータベースにこのスキーマをロードし、Powertoolsからスキーマ同期ツールを使用することができます。　</string>
	<string name="2203">オプション</string>
	<string name="2204">変更済み</string>
	<string name="2205">変更されていない</string>
	<string name="2206">挿入済 (ソース)</string>
	<string name="2207">挿入済 (ターゲット)</string>
	<string name="2208">&amp;適用</string>
	<string name="2209">ビジブリ･フィルター</string>
	<string name="2210">登録が無効です</string>
	<string name="2211">登録内容が確認できません。
内容がこのプログラムバージョンに対して正しいかどうか確認してください。</string>
	<string name="2212">ライセンスキーを取得する</string>
	<string name="2213">データソースのタイプ</string>
	<string name="2214">いかなる&amp;ODBCソース</string>
	<string name="2215">フォルダを選択</string>
	<string name="2216">&amp;フォルダ名</string>
	<string name="2217">設&amp;定...</string>
	<string name="2218">ODBCデータソース名 (DSN) を選択もしくは作成</string>
	<string name="2219">&amp;システム・ユーザーDSN</string>
	<string name="2220">ファ&amp;イル DSN</string>
	<string name="2221">新しい&amp;DSNを作成する</string>
	<string name="2222">データソースの認証情報を入力する</string>
	<string name="2223">Microsoft Office2007用のドライバが見つかりません。ダウンロードするには</string>
	<string name="2224">ここをクリック</string>
	<string name="2225">解決されていないオブジェクト</string>
	<string name="2226">次のオブジェクトへの参照を解決できません</string>
	<string name="2227">ファイルが保存されたのでオブジェクトは廃棄もしくは改名されました。</string>
	<string name="2228">テーブルのエイリアス</string>
	<string name="2229">表の名前</string>
	<string name="2230">表 &amp;エイリアス</string>
	<string name="2231">外部キーをインポートする</string>
	<string name="2232">外部キーをアクセスデータベースから正常にインポートするには、アクセスシステム表に許可を与える必要があります</string>
	<string name="2233">などの新しいファイル形式のデータベースに対して有効ではないので、データベースを.mdb形式で保存しました。詳しいくは</string>
	<string name="2234">高度な接続ツール、同期ツール、スマートオートコンプリート、移行ツールキット、スケジュールされたバックアップ、通知サービスなど、他多数を含む「フル装備」SQLyogにアップデートする。SQLyogについて詳しく知るにはこちらをクリックして下さい</string>
	<string name="2235">新しい接続を作成する</string>
	<string name="2236">現在のMDIと接続を閉じる</string>
	<string name="2237">すべてのMDIウィンドウと接続を閉じる</string>
	<string name="2238">現在のSQLステートメントを保存する</string>
	<string name="2239">現在の接続でSQLファイルを開く</string>
	<string name="2240">アプリケーションを終了する</string>
	<string name="2241">現在のSQLをファイルに指定および保存する</string>
	<string name="2242">選択範囲を切り取ってクリップボードに移動します</string>
	<string name="2243">現在の選択範囲をクリップボードにコピーします</string>
	<string name="2244">クリップボードの内容を現在の挿入ポイントに挿入します</string>
	<string name="2245">最後のアクションを取り消します</string>
	<string name="2246">オブジェクトブラウザを更新する</string>
	<string name="2247">現在選択されているデータベースを削除する</string>
	<string name="2248">現在選択されている表を削除する</string>
	<string name="2249">表の有効なSQL INSERTを作成する</string>
	<string name="2250">個人用フォルダを管理</string>
	<string name="2251">スケジュールされたバックアップ</string>
	<string name="2252">クエリを実行</string>
	<string name="2253">前回取り消した操作を再実行する　</string>
	<string name="2254">選択範囲全体を選択</string>
	<string name="2255">指定されたテキストを検索</string>
	<string name="2256">指定されたテキストを検索し、別のテキストに置き換えます</string>
	<string name="2257">オブジェクトブラウザを表示または非表示</string>
	<string name="2258">フラッシュログ、特権、ホストなど</string>
	<string name="2259">SQLコマンドのテンプレートを表示</string>
	<string name="2260">...としてエクスポート</string>
	<string name="2261">表をチェック・補修・分析・最適化</string>
	<string name="2262">結果をテキストモードで表示する</string>
	<string name="2263">選択したテキストを大文字に変える</string>
	<string name="2264">選択したテキストを小文字に変える</string>
	<string name="2265">現在の行をコメント</string>
	<string name="2266">現在の行からコメントを削除する</string>
	<string name="2267">個人フォルダに現在のSQLを追加します</string>
	<string name="2268">ウィンドウをオーバーラップウィンドウとしてアレンジします</string>
	<string name="2269">ウィンドウをタイル表示する</string>
	<string name="2270">最小化したMDIウィンドウを整列</string>
	<string name="2271">プログラムの情報とコピーライトを表示する</string>
	<string name="2272">SQLyogのキーボードショートカットのリスト</string>
	<string name="2273">SQL内の表のデータと構造をエクスポートする</string>
	<string name="2274">SQLコマンドのバッチファイルを実行する</string>
	<string name="2275">SQLyogのヘルプファイルを表示する</string>
	<string name="2276">選択したクエリを実行する</string>
	<string name="2277">すべてのクエリを実行する</string>
	<string name="2278">選択したデータベースで新しい表を作成する</string>
	<string name="2279">表を作成する</string>
	<string name="2280">すべての行をクリップボードへコピーする</string>
	<string name="2281">表の名前を変更する</string>
	<string name="2282">表データを表示する</string>
	<string name="2283">選択したデータのトランケートデータ</string>
	<string name="2284">選択した表の高度なプロパティを表示する</string>
	<string name="2285">選択した列を削除する</string>
	<string name="2286">HTMLのデータベース用のスキーマを作成する</string>
	<string name="2287">現在の接続で新しいウィンドウを作成する</string>
	<string name="2288">このドキュメントを開く</string>
	<string name="2289">データベース、表、列レベルの権限をユーザーに与える</string>
	<string name="2290">選択した表のデータをカンマ区切りの値としてエクスポートする</string>
	<string name="2291">CSVファイルから表にデータをインポートする</string>
	<string name="2292">BACKUPコマンドを使って選択したデータベースをバックアップする</string>
	<string name="2293">RESTOREコマンドを使ってデータベースを復元する</string>
	<string name="2294">結果ウィンドウを表示または非表示</string>
	<string name="2295">現在の接続で個人SQLを開く</string>
	<string name="2296">現在選択されているインデックスを削除する</string>
	<string name="2297">データベース内の表のコピーをする</string>
	<string name="2298">選択した表の表構造を変更する</string>
	<string name="2299">ユーザーを追加し、グローバル特権を設定する</string>
	<string name="2300">既存のユーザーグローバル特権を編集</string>
	<string name="2301">表データの挿入およびアップデート　</string>
	<string name="2302">選択したデータベースのデータをSQLクエリ (複数可) としてエクスポートする</string>
	<string name="2303">選択した表のデータをSQLクエリ(複数可)としてエクスポートする</string>
	<string name="2304">表のインデックスを作成および編集</string>
	<string name="2305">2つのデータベースのデータを同期させる</string>
	<string name="2306">2つの表の構造を同期させる</string>
	<string name="2307">新しいデータベースを作成</string>
	<string name="2308">表のハンドラーをISAMに変更する</string>
	<string name="2309">表のハンドラーをMySAMに変更する</string>
	<string name="2310">表のハンドラーをHEAPに変更する</string>
	<string name="2311">表のハンドラーをMERGEに変更する</string>
	<string name="2312">表のハンドラーをInnoDBに変更する</string>
	<string name="2313">表のハンドラーをBDBに変更する</string>
	<string name="2314">表のハンドラーをGEMINIに変更する</string>
	<string name="2315">表のインデックスを作成および編集</string>
	<string name="2316">MySQLデータソースを選択する</string>
	<string name="2317">どこからデータをコピーしますか?</string>
	<string name="2318">データーソースを選択する</string>
	<string name="2319">表のコピーまたはクエリを指定する</string>
	<string name="2320">1つまたは複数の表をコピーするか、データソースからのクエリの結果をコピーするかを指定する。</string>
	<string name="2321">SQLステートメントを入力する</string>
	<string name="2322">データを取得するクエリを入力する。</string>
	<string name="2323">表を選択する</string>
	<string name="2324">コピーする表を1または複数選択することができます。表に現れるスキーマまたはデータをコピーするか、(...) をクリックすると構造を変換することができます。</string>
	<string name="2325">選択した表の列の順序を変更する</string>
	<string name="2326">ユーザーの許可を管理する</string>
	<string name="2327">フラッシュ</string>
	<string name="2328">表の診断</string>
	<string name="2329">選択したデータベースからすべての表を削除する</string>
	<string name="2330">SQLエディターを表示または非表示</string>
	<string name="2331">結果セットの実行および編集</string>
	<string name="2332">ODBCデータソースからMySQLにデータをインポートする</string>
	<string name="2333">クエリから返された結果をパーソナライズされたメールで送信する</string>
	<string name="2334">データベースまたは表をSQLステートメントとしてエクスポートする</string>
	<string name="2335">SQLyogジョブエージェントのためのジョブを管理する</string>
	<string name="2336">タグファイルを再構築する</string>
	<string name="2337">すべてのキーワードとオブジェクトをリストアップする</string>
	<string name="2338">現在の単語に一致するすべてのキーワードとオブジェクトをリストアップする</string>
	<string name="2339">バッチスクリプトとしてデータをエクスポートする</string>
	<string name="2340">バッチファイルを実行する</string>
	<string name="2341">選択した表の外部キー関係を管理する</string>
	<string name="2342">テーブルにデータを挿入・アップデートする</string>
	<string name="2343">表構造を変更する</string>
	<string name="2344">選択したデータベース内のすべての表のをトランケートする</string>
	<string name="2345">表の関係を管理する</string>
	<string name="2346">選択した表のデータをHTMLでエクスポートする</string>
	<string name="2347">選択した表のデータをXMLでエクスポートする</string>
	<string name="2348">プロセスリストを表示</string>
	<string name="2349">ステータスを表示する</string>
	<string name="2350">ソースとターゲットのMySQLサーバーに関する詳細を提供</string>
	<string name="2351">データ同期のための高度なオプション</string>
	<string name="2352">実行したいオプションを選択して下さい</string>
	<string name="2353">同期させたい表 (複数可) を選択</string>
	<string name="2354">いつでもデータベース内に存在するすべての表を常に同期させるには「データベース内のすべての表を同期」を選択して下さい。すべての列を選択するか、またはデータの比較に使用するために特定の列を選択する事ができます。　</string>
	<string name="2355">アプリケーションのプリファレンスを設定</string>
	<string name="2356">スケジュールされた間隔でクエリから結果を送信する</string>
	<string name="2357">選択した表をほかのホストまたはデータベースにコピーする</string>
	<string name="2358">あなたのMySQLサーバーについての詳細を提供する</string>
	<string name="2359">Eメールオプション</string>
	<string name="2360">Eメールと送信サーバーの情報を指定する</string>
	<string name="2361">Eメールオプション...(続き)</string>
	<string name="2362">Eメールの件名を指定するか、 YYYY-MM-DDまたはYYYY-MM-DD HH:MM:SSを選択して現在の日時から件名を自動作成してください</string>
	<string name="2363">クエリ</string>
	<string name="2364">外部ファイルを指定するか、実行するクエリ（複数可）を入力して下さい</string>
	<string name="2365">エクスポートするオブジェクト (複数可) を選択して下さい</string>
	<string name="2366">すべてのオブジェクトまたは選択したオブジェクトをエクスポートできます。</string>
	<string name="2367">どのようにスクリプトを作成しますか?</string>
	<string name="2368">各表ごとに単一ダンプまたはダンプを作成することができます。また、識別するためにバックアップを圧縮してタイムスタンプを使用することがあります。</string>
	<string name="2369">何を作成しますか?</string>
	<string name="2370">エラーをどうしますか?</string>
	<string name="2371">エラーが発生した時にメールでレポートを送信する</string>
	<string name="2372">実行を停止する</string>
	<string name="2373">クリップボードに選択したセルデータをコピーする</string>
	<string name="2374">データソースを選択する</string>
	<string name="2375">どこからデータをインポートしますか?</string>
	<string name="2376">1つまたは複数の表をインポートするか、データソースのクエリの結果をインポートするかを指定する</string>
	<string name="2377">SQLステートメントからインポートする</string>
	<string name="2378">データを取得するクエリを入力する</string>
	<string name="2379">データベースを選択する</string>
	<string name="2380">インポート先のデータベースを選択して下さい</string>
	<string name="2381">エラーをどうしますか?</string>
	<string name="2382">現在選択されているストアドプロシージャを変更する</string>
	<string name="2383">現在選択されているストアドプロシージャを削除する</string>
	<string name="2384">Eメールオプション...(続き)</string>
	<string name="2385">現在選択されている機能を変更する</string>
	<string name="2386">現在選択されている機能を削除する</string>
	<string name="2387">現在選択されているトリガーを削除する</string>
	<string name="2388">選択した表示の表示構造を変える</string>
	<string name="2389">現在選択されている表示を削除する</string>
	<string name="2390">選択したデータベースで新しい表示を作成する</string>
	<string name="2391">選択したデータベースで新しいストアドプロシージャを作成する</string>
	<string name="2392">選択したデータベースで新しい機能を作成する</string>
	<string name="2393">現在選択されている表で新しいトリガーを作成する</string>
	<string name="2394">現在選択されているトリガーを変更する</string>
	<string name="2395">新しいSQLエディターを追加する</string>
	<string name="2396">SQLyog通知ウィザードを完了しています</string>
	<string name="2397">現在選択されている表示の名前を変更する</string>
	<string name="2398">現在選択されているトリガーの名前を変更する</string>
	<string name="2399">指定する行にカーソルを置いて下さい</string>
	<string name="2400">Eメールの件名を指定するか、YYYY- MM- DDまたはYY-MM-DD HH:MM:SSを選択して現在の日時から件名を自動作成して下さい</string>
	<string name="2401">スケジュールされたエクスポートをバッジスクリプトのオプションとして完了</string>
	<string name="2402">SQLyogデータベースの同期ウィザードを完了</string>
	<string name="2403">表のための有効なSQL選択ステートメントを作成する</string>
	<string name="2404">お気に入りリストに現在のクエリ (複数可) を追加する</string>
	<string name="2405">お気に入りフォルダを整理する</string>
	<string name="2406">現在のSQLエディタを閉じる</string>
	<string name="2407">お気に入りをリフレッシュする</string>
	<string name="2408">表(複数可)を選択する</string>
	<string name="2409">コピーする表(複数可)を選択することができます。表に表示されるスキーマまたはデータをコピーするか、(...)をクリッククリックして構造を変換することができます。</string>
	<string name="2410">すべてのデータベースの単一のファイル</string>
	<string name="2411">表の有効なSQL UPDATEステートメントを作成する</string>
	<string name="2412">表の有効なSQL DELETEステートメントを作成する</string>
	<string name="2413">どのように同期を実行しますか?</string>
	<string name="2414">実行したいタイプを選択する</string>
	<string name="2415">新しいタブでSQLファイルを開く</string>
	<string name="2416">新しいスキーマデザイナーを追加する</string>
	<string name="2417">新しいクエリビルダーを追加する</string>
	<string name="2418">&amp;ファイル</string>
	<string name="2419">&amp;現在の設定を使用した新しい接続	Ctrl+N</string>
	<string name="2420">新しい &amp;接続...	Ctrl+M</string>
	<string name="2421">新しい &amp;クエリエディター	Ctrl+T</string>
	<string name="2422">新しいクエリ &amp;ビルター	Ctrl+K</string>
	<string name="2423">新しい&amp; スキーマデザイナー	Ctrl+Alt+D</string>
	<string name="2424">タブを &amp;閉じる	Alt+L</string>
	<string name="2425">&amp;切断	Ctrl+F4/Ctrl+W</string>
	<string name="2426">すべてを切断&amp;</string>
	<string name="2427">&amp;開く...	Ctrl+O</string>
	<string name="2428">&amp;保存する...	Ctrl+S</string>
	<string name="2429">&amp;名前をつけて保存</string>
	<string name="2430">&amp;最近のファイル</string>
	<string name="2431">終了&amp;	Alt+F4</string>
	<string name="2432">&amp;編集する</string>
	<string name="2433">オブジェクトブラウザカラーを変更する&amp;</string>
	<string name="2434">クエリを実行する&amp;</string>
	<string name="2435">結果セットの実行および編集&amp;	F8</string>
	<string name="2436">現在のクエリをフォーマットする&amp;	F12</string>
	<string name="2437">選択したクエリをフォーマットする &amp;	Ctrl+F12</string>
	<string name="2438">すべてのクエリをフォーマットする &amp;	Shift+F12</string>
	<string name="2439">&amp;テンプレートの挿入..	Ctrl+Shift+T</string>
</resources>