<?xml version="1.0" encoding="utf-8"?>
<resources>
	<string name="3629">公開セッションセーブポイント...	Ctrl+Shift+O</string>
	<string name="3630">セッションを保存する...	Ctrl+Shift+S</string>
	<string name="3631">としてセッションを保存する...</string>
	<string name="3632">セッションを終了する	Ctrl+Shift+X</string>
	<string name="3633">セッションのセーブポイントのバックアップをに作成しました</string>
	<string name="3634">注記: 別のホストにコピーしたい場合は、ファイル -> 新しい接続 を使って複数のホストに接続してください。対象となる接続のドロップダウンリストに全ての接続が表示されます</string>
	<string name="3635">接続</string>
	<string name="3636">現在のセッションを保存しますか?</string>
	<string name="3637">購入する</string>
	<string name="3638">試す</string>
	<string name="3639">お試し期間はあと</string>
	<string name="3640">お試し期間はあと</string>
	<string name="3641">コピーに関連したトリガー</string>
	<string name="3642">現在の設定を保存しますか?</string>
	<string name="3643">保存オプション</string>
	<string name="3644"> 現在の設定をジョブファイルに保存して後で利用する</string>
	<string name="3645">現在の設定ジョブファイルにを保存した後実行しますか? または保存しないで実行しますか?</string>
	<string name="3646">ジョブファイルを指定してください:</string>
	<string name="3647">仮想性    </string>
	<string name="3648">表現    </string>
	<string name="3649">事前のオプション</string>
	<string name="3650">タイムスタンプを初めにつける</string>
	<string name="3651">目的ごとのファイル</string>
	<string name="3652">ロード・ローカルを使って&amp;XMLデータをインポート中... 	Ctrl+Shift+X</string>
	<string name="3653">テーブルとコラムを選択してXMLにインポートしてください。</string>
	<string name="3654">～によって判別される行</string>
	<string name="3655">置換</string>
</resources>