﻿<?xml version="1.0" encoding="utf-8"?>
<resources>
	<string name="2440">&amp;やり直し	Ctrl+Z</string>
	<string name="2441">&amp;もう一度実行	Ctrl+Y</string>
	<string name="2442">&amp;カット	Ctrl+X</string>
	<string name="2443">&amp;コピー	Ctrl+C</string>
	<string name="2444">&amp;貼付け	Ctrl+V</string>
	<string name="2445">&amp;ファイルから挿入</string>
	<string name="2446">&amp;全てを選択	Ctrl+A</string>
	<string name="2447">&amp;検索...	Ctrl+F</string>
	<string name="2448">次を検索	F3</string>
	<string name="2449">&amp;入れ替える...	Ctrl+H</string>
	<string name="2450">&amp;移動...	Ctrl+G</string>
	<string name="2451">全てのタグを&amp;リスト表示	Ctrl+Space</string>
	<string name="2452">&amp;マッチングするタグをリスト表示	Ctrl+Enter</string>
	<string name="2453">結果/テーブル データ/データの組をテキストで&amp;表示	Ctrl+L</string>
	<string name="2454">オブジェクト&amp;ブラウザを隠す	Ctrl+Shift+1</string>
	<string name="2455">結果&amp;ペーンを隠す	Ctrl+Shift+2</string>
	<string name="2456">SQLエディタを&amp;隠す	Ctrl+Shift+3</string>
	<string name="2457">&amp;前のタブに切り替え	Ctrl+PgUp</string>
	<string name="2458">&amp;次のタブへ切り替え	Ctrl+PgDown</string>
	<string name="2459">&amp;アドバンスド</string>
	<string name="2460">選択した箇所を&amp;大文字にする	Ctrl+Shift+U</string>
	<string name="2461">選択した箇所を&amp;小文字にする	Ctrl+Shift+L</string>
	<string name="2462">&amp;コメント選択	Ctrl+Shift+C</string>
	<string name="2463">選択箇所からコメントを&amp;除く	Ctrl+Shift+R</string>
	<string name="2464">&amp;お気に入り</string>
	<string name="2465">お気に入りに&amp;追加...	Ctrl+Shift+F</string>
	<string name="2466">お気に入りを&amp;設定...</string>
	<string name="2467">お気に入りを&amp;リフレッシュ</string>
	<string name="2468">異なるホスト/データベースにデータベースを&amp;コピー...</string>
	<string name="2469">&amp;データベースを作成...	Ctrl+D</string>
	<string name="2470">データベースを&amp;変更...	F6</string>
	<string name="2471">&amp;作成</string>
	<string name="2472">&amp;テーブル...</string>
	<string name="2473">&amp;表示...</string>
	<string name="2474">&amp;ストアされた手続き...</string>
	<string name="2475">&amp;機能...</string>
	<string name="2476">&amp;トリガー...</string>
	<string name="2477">&amp;イベント...</string>
	<string name="2478">さらにデータベース&amp;操作</string>
	<string name="2479">データベースを&amp;除く...	Del</string>
	<string name="2480">データベースを&amp;切り取る...	Shift+Del</string>
	<string name="2481">データベースを&amp;空にする...</string>
	<string name="2482">&amp;バックアップ/書き出し</string>
	<string name="2483">&amp;スケジュールバックアップ...	Ctrl+Alt+S</string>
	<string name="2484">SQLダンプとしてデータベースを&amp;バックアップ...	Ctrl+Alt+E</string>
	<string name="2485">&amp;読み込み</string>
	<string name="2486">&amp;外部データを読み込む...	Ctrl+Alt+O</string>
	<string name="2487">SQLスクリプトを&amp;実行...	Ctrl_Shift+Q</string>
	<string name="2488">&amp;HTMLでデータベースのスキーマを作成...	Ctrl+Shift+Alt+S</string>
	<string name="2489">SQLステートメントを&amp;貼付け</string>
	<string name="2490">&lt;tablename>に&amp;挿入...	Alt+Shift+I</string>
	<string name="2491">&lt;tablename>セットを&amp;更新...	Alt+Shift+U</string>
	<string name="2492">&lt;tablename>から&amp;削除...	Alt+Shift+D</string>
	<string name="2493">&lt;col-1>...&lt;col-n>を&amp;選択...	Alt+Shift_S</string>
	<string name="2494">異なるホスト/データベースにテーブルを&amp;コピー...</string>
	<string name="2495">テーブルを&amp;開く	F11</string>
	<string name="2496">&amp;テーブルを作成...	F4</string>
	<string name="2497">テーブルを&amp;修正...	F6</string>
	<string name="2498">インデックスを&amp;管理	F7</string>
	<string name="2499">&amp;リレーションシップ/フォーリン・キー...	F10</string>
	<string name="2500">&amp;さらにテーブル操作</string>
	<string name="2501">テーブルの&amp;名前を変更	F2</string>
	<string name="2502">テーブルを&amp;切り取る...	Shift+Del</string>
	<string name="2503">データベースからテーブルを&amp;除く...	Del</string>
	<string name="2504">列の&amp;順番を変える...	Ctrl+Alt+R</string>
	<string name="2505">構造/デーのテーブルを複製</string>
	<string name="2506">&amp;アドバンスド設定を表示...</string>
	<string name="2507">空</string>
	<string name="2508">SQLダンプとしてテーブルを&amp;バックアップ...	Ctrl+Alt+E</string>
	<string name="2509">テーブルデータを&amp;書きだす...	Ctrl+Alt+C</string>
	<string name="2510">LOAD LOCALを使ってCSVデータを&amp;読み込む...	Ctrl+Shift+M</string>
	<string name="2511">&amp;トリガーを作成	F4</string>
	<string name="2512">&amp;その他</string>
	<string name="2513">&amp;列を除く...	Del</string>
	<string name="2514">列を&amp;管理	F6</string>
	<string name="2515">&amp;インデックス</string>
	<string name="2516">&amp;インデックスを作成	F4</string>
	<string name="2517">インデックスを&amp;編集	F6</string>
	<string name="2518">インデックスを&amp;除く...	Del</string>
	<string name="2519">&amp;ビュー</string>
	<string name="2520">&amp;ビューを作成	F4</string>
	<string name="2521">ビューを&amp;変更...	F6</string>
	<string name="2522">ビューを&amp;除く...	Del</string>
	<string name="2523">ビューの&amp;名前を変更	F2</string>
	<string name="2524">ビューを&amp;書きだす...</string>
	<string name="2525">データを&amp;表示</string>
	<string name="2526">&amp;保存された手続き</string>
	<string name="2527">&amp;保存された手続きを作成...	F4</string>
	<string name="2528">保存された手続きを&amp;変更...	F6</string>
	<string name="2529">保存された手続きを&amp;除く...	Del</string>
	<string name="2530">&amp;機能</string>
	<string name="2531">&amp;機能を作成...	F4</string>
	<string name="2532">機能を&amp;変更...	F6</string>
	<string name="2533">機能を&amp;除く...	Del</string>
	<string name="2534">&amp;トリガー</string>
	<string name="2535">トリガーを&amp;変更...	F6</string>
	<string name="2536">トリガーを&amp;除く...	Del</string>
	<string name="2537">トリガーの&amp;名前を変更	F2</string>
	<string name="2538">&amp;イベント</string>
	<string name="2539">イベントを&amp;作成	F4</string>
	<string name="2540">イベントを&amp;修正...	F6</string>
	<string name="2541">イベントを&amp;除く...	Del</string>
	<string name="2542">イベントの&amp;名前を変更	F2</string>
	<string name="2543">&amp;ツール</string>
	<string name="2544">テーブルのデータ/結果の全ての行を&amp;書きだす...	Ctrl+Shift+E</string>
	<string name="2545">&amp;SQLスクリプトを実行...	Ctrl+Shift+Q</string>
	<string name="2546">&amp;フラッシュ...	Ctrl+Alt+F</string>
	<string name="2547">&amp;テーブルの検査...	Ctrl+Alt+T</string>
	<string name="2548">&amp;ユーザーマネージャー	Ctrl+U</string>
	<string name="2549">&amp;表示</string>
	<string name="2550">&amp;変数...</string>
	<string name="2551">&amp;プロセスリスト</string>
	<string name="2552">&amp;ステータス...</string>
	<string name="2553">&amp;言語を変更	Alt+Shift+L</string>
	<string name="2554">&amp;設定...</string>
	<string name="2555">&amp;パワーツール</string>
	<string name="2556">データベース&amp;同期ウィザード...	Ctrl+Alt+W</string>
	<string name="2557">スキーマ&amp;同期ツール...	Ctrl+Q</string>
	<string name="2558">&amp;SQLスケジューラーとレポーティングツール...	Ctrl+Alt+N</string>
	<string name="2559">&amp;スケジュールバックアプ...	Ctrl+Alt+S</string>
	<string name="2560">スケジュール&amp;ジョブ...</string>
	<string name="2561">タグを&amp;リビルド</string>
	<string name="2562">&amp;ウィンドウ</string>
	<string name="2563">&amp;カスケード</string>
	<string name="2564">&amp;タイルウィンドウ</string>
	<string name="2565">&amp;アイコンアレンジ</string>
	<string name="2566">&amp;ヘルプ</string>
	<string name="2567">&amp;ヘルプ F1</string>
	<string name="2568">&amp;キーボードショートカット...</string>
	<string name="2569">&amp;アップデートをチェック</string>
	<string name="2570">&amp;登録情報を変更...</string>
	<string name="2571">&amp;アバウト...</string>
	<string name="2572">アイテム</string>
	<string name="2573">プライマリーキーを設定</string>
	<string name="2574">列を挿入</string>
	<string name="2575">列を削除</string>
	<string name="2576">新しい行を挿入</string>
	<string name="2577">行を削除</string>
	<string name="2578">変更を保存</string>
	<string name="2579">変更を取り消し</string>
	<string name="2580">空の文字列をセット</string>
	<string name="2581">NULLにセット</string>
	<string name="2582">デフォルト値にセット</string>
	<string name="2583">テーブルのデータ/結果の全行を書きだす...	Ctrl+Shift+E</string>
	<string name="2584">セルデータをクリップボードにコピー</string>
	<string name="2585">全行をクリップボードにコピー...</string>
	<string name="2586">選択した行をクリップボードにコピー...</string>
	<string name="2587">列を除く</string>
	<string name="2588">オブジェクトブラウザをリフレッシュ	F9</string>
	<string name="2589">値を表示</string>
	<string name="2590">プロセスを強制終了...</string>
	<string name="2591">履歴を&amp;削除</string>
	<string name="2592">&amp;履歴をクリップボードにコピー</string>
	<string name="2593">ファイルに履歴を&amp;保存...	Ctrl+S</string>
	<string name="2594">スケジュールされたバックアップ...	Ctrl+Alt+S</string>
	<string name="2595">外部データを&amp;読み込む...	Ctrl+Alt+O</string>
	<string name="2596">SQLステートメントから&amp;読み込む...	Ctrl+Shift+Q</string>
	<string name="2597">ユーザーマネージャー</string>
	<string name="2598">ユーザーを&amp;追加...	Ctrl+U</string>
	<string name="2599">ユーザーの名前を&amp;変更</string>
	<string name="2600">ユーザーを&amp;編集...	Ctrl+Alt+U</string>
	<string name="2601">パーミッションを管理...	Ctrl+Shift+W</string>
	<string name="2602">CSVで...	Ctrl+Alt+C</string>
	<string name="2603">XMLで...	Ctrl+Alt+X</string>
	<string name="2604">HTMLで...	Ctrl+Alt+H</string>
	<string name="2605">クイックフィルター</string>
	<string name="2606">フィールド = 値</string>
	<string name="2607">フィールド != 値</string>
	<string name="2608">フィールド &lt; 値</string>
	<string name="2609">フィールド > 値</string>
	<string name="2610">フィルターを除く</string>
	<string name="2611">&amp;開く</string>
	<string name="2612">&amp;削除</string>
	<string name="2613">&amp;名前を変更</string>
	<string name="2614">タブ</string>
	<string name="2615">&amp;閉じる</string>
	<string name="2616">&amp;ライン</string>
	<string name="2617">&amp;結合タイプ</string>
	<string name="2618">&amp;内部結合</string>
	<string name="2619">&amp;左結合</string>
	<string name="2620">&amp;右結合</string>
	<string name="2621">グリッドメニュー</string>
	<string name="2622">列を&amp;挿入</string>
	<string name="2623">列を&amp;削除</string>
	<string name="2624">全ての列を&amp;クリア</string>
	<string name="2625">カンバスメニュー</string>
	<string name="2626">テーブルを&amp;追加...</string>
	<string name="2627">スキーマデザインを&amp;ロード</string>
	<string name="2628">画像としてカンバスを&amp;書き出し...</string>
	<string name="2629">ズーム</string>
	<string name="2630">ページブレーキを表示</string>
	<string name="2631">カンバスを印刷...</string>
	<string name="2632">テーブルメニュー</string>
	<string name="2633">テーブル&amp;ビュー</string>
	<string name="2634">&amp;スタンダード</string>
	<string name="2635">列の&amp;名前のみ</string>
	<string name="2636">テーブルを&amp;変更...</string>
	<string name="2637">&amp;インデックスを管理...</string>
	<string name="2638">&amp;リレーションシップ/フォーリン・キー...</string>
	<string name="2639">表を&amp;切り取る...</string>
	<string name="2640">データベースをテーブルから&amp;除く...</string>
	<string name="2641">&amp;列を除く</string>
	<string name="2642">カンバスからテーブルを&amp;除く</string>
	<string name="2643">列を&amp;並べ直す...</string>
	<string name="2644">空</string>
	<string name="2645">アドバンスドプロパティを&amp;表示...</string>
	<string name="2646">リレーションシップライン</string>
	<string name="2647">&amp;プロパティ...</string>
	<string name="2648">リレーションシップを&amp;削除...</string>
	<string name="2649">テーブルツールバーメニュー</string>
	<string name="2650">スタンダード表示</string>
	<string name="2651">列の名前のみ</string>
	<string name="2652">テーブル/ビューを&amp;追加...</string>
	<string name="2653">クエリーデザインを&amp;読み込む...</string>
	<string name="2654">クリア</string>
	<string name="2655">&amp;クリア</string>
	<string name="2656">MySQLホストに接続</string>
	<string name="2657">&amp;新規...</string>
	<string name="2658">クローン...</string>
	<string name="2659">&amp;保存</string>
	<string name="2660">&amp;名前を変更...</string>
	<string name="2661">&amp;保存された接続</string>
	<string name="2662">&amp;MySQLホストアドレス</string>
	<string name="2663">&amp;パスワードを保存</string>
	<string name="2664">&amp;データベース</string>
	<string name="2665">&amp;プライベートキー</string>
	<string name="2666">（複数のデータベースをセミコロン &apos;,&apos; で区切ってください。
なにもデータベースを書かないと全てのデータベースが表示されます）</string>
	<string name="2667">&amp;URL</string>
	<string name="2668">&amp;タイムアウト</string>
	<string name="2669">&amp;アドバンスド</string>
	<string name="2670">（SQLyogTunnel.phpがインストールディレクトリにあります。
SQLyogトンネラーを外部に晒したくない場合は、これの名前を変更しても構いません）</string>
	<string name="2671">SSH&amp;トンネリングを使う</string>
	<string name="2672">SSH&amp;ホストアドレス</string>
	<string name="2673">SSH&amp;ポート</string>
	<string name="2674">パブリック&amp;キー</string>
	<string name="2675">&amp;パスワード</string>
	<string name="2676">パスワードを&amp;保存</string>
	<string name="2677">SSL&amp;暗号を使用</string>
	<string name="2678">CA&amp;証明</string>
	<string name="2679">&amp;クライアントキー</string>
</resources>