﻿<?xml version="1.0" encoding="utf-8"?>
<resources>
	<string name="3300">アドバンスト</string>
	<string name="3301">/*データベース: %s*/</string>
	<string name="3302">フォーマット:</string>
	<string name="3303">テキスト/詳細</string>
	<string name="3304">選択された色</string>
	<string name="3305">デフォルト</string>
	<string name="3306">自動コントラスト</string>
	<string name="3308">/*サーバー情報 -</string>
	<string name="3309">/*テーブル情報*/</string>
	<string name="3310">テーブル (%d)</string>
	<string name="3311">/*ビュー情報*/</string>
	<string name="3312">ビュー (%d)</string>
	<string name="3313">/*プロシージャ情報*/</string>
	<string name="3314">プロシージャ (%d)</string>
	<string name="3315">/*ファンクション情報*/</string>
	<string name="3316">ファンクション (%d)</string>
	<string name="3317">/*トリガー情報*/</string>
	<string name="3318">トリガー (%d)</string>
	<string name="3319">/*DDL情報 - %s*/</string>
	<string name="3320">コラム (%d)</string>
	<string name="3321">&amp;nbsp;テーブル: %s</string>
	<string name="3322">既存のデータを読み取り、このテーブルに最適なデータタイプを見つける。 &lt;a href=&quot;optimizer_help &quot; target=&quot;_blank&quot;> Read more&lt;/a></string>
	<string name="3323">インデックス (%d)</string>
	<string name="3324">DDL情報</string>
	<string name="3325">/*ストアドプロシージャ: %s*/</string>
	<string name="3326">&amp;nbsp;ストアドプロシージャ: %s</string>
	<string name="3327">ビュー情報</string>
	<string name="3328">&amp;nbsp;ビュー: %s</string>
	<string name="3330">クエリの実行 (F5)</string>
	<string name="3331">新しい接続の作成 (Ctrl+M)</string>
	<string name="3332">すべてのクエリを実行 (Shift+F5)</string>
	<string name="3333">Resultsetの実行と編集 (F8)</string>
	<string name="3336">新しいクエリエディタ (Ctrl+T)</string>
	<string name="3337">オブジェクトブラウザのリフレッシュ (F9)</string>
	<string name="3338">ユーザーマネージャ (Ctrl+U)</string>
	<string name="3339">SQLダンプとして、データベースのバックアップ (Ctrl+Alt+E)</string>
	<string name="3340">SQLスクリプトの実行 (Ctrl+Shift+Q)</string>
	<string name="3341">異なるホスト/データベースにデータベースをコピー</string>
	<string name="3342">テーブルデータをエクスポート (Ctrl+Alt+C)</string>
	<string name="3343">インデックスの管理 (F7)</string>
	<string name="3344">関連/外部キー (F10)</string>
    <string name="3345">閉じる</string>
	<string name="3346">イベント</string>
	<string name="3347">ビュー</string>
	<string name="3348">ストアドプロシージャ</string>
	<string name="3349">ファンクション</string>
	<string name="3350">トリガー</string>
	<string name="3351">インデックス</string>
	<string name="3352">イベント (%d)</string>
	<string name="3353">クエリの実行 (F9)</string>
	<string name="3354">すべてのクエリを実行 (Shift+F9)</string>
	<string name="3355"> Professional/Enterprise/Ultimateにアップグレードする理由: </string>
	<string name="3356">実行を停止</string>
	<string name="3357">オブジェクトブラウザのリフレッシュ (F5)</string>
	<string name="3358">情報</string>
	<string name="3359">&amp;情報	Ctrl+Shift+I</string>
	<string name="3360">&amp;履歴	Ctrl+Shift+H</string>
</resources>