﻿<?xml version="1.0" encoding="utf-8"?>
<resources>
	<string name="2680">クライアント認証</string>
	<string name="2681">背景色</string>
	<string name="2682">前景色</string>
	<string name="2683">(これらの色はObject Brawser で今回の接続でのみ使用されます)</string>
	<string name="2684">SQL モード</string>
	<string name="2685">&amp;グローバル値を使用する</string>
	<string name="2686">&amp;接続</string>
	<string name="2687">&amp;テスト接続</string>
	<string name="2688">SQL ダンプ</string>
	<string name="2689">SQL として書き出し</string>
	<string name="2690">データーベース名</string>
	<string name="2691">&amp;オブジェクト</string>
	<string name="2692">構造のみ</string>
	<string name="2693">&amp;データーのみ</string>
	<string name="2694">構造とデーター</string>
	<string name="2695">&amp;ファイルへ書き出し</string>
	<string name="2696">読み出し用にテーブルをロック</string>
	<string name="2697">ダンプする前にログを書き出す</string>
	<string name="2698">&amp;単一トランザクション</string>
	<string name="2699">&quot;USE database&quot; 文を含める</string>
	<string name="2700">FOREIGN_KEY_CHECKS=0 をセットする</string>
	<string name="2701">&amp;bulk INSERT 文を生成</string>
	<string name="2702">&quot;DROP&quot; 文を含める</string>
	<string name="2703">完了</string>
	<string name="2704">了解</string>
	<string name="2705">SQLyog のキーボードショートカット</string>
	<string name="2706">データーベースとテーブルを選択</string>
	<string name="2707">&amp;全テーブルを選択/非選択</string>
	<string name="2708">最適化...</string>
	<string name="2709">ローカル</string>
	<string name="2710">チェック...</string>
	<string name="2711">分析...</string>
	<string name="2712">ローカル</string>
	<string name="2713">&amp;修復...</string>
	<string name="2714">&amp;Quick キーワード</string>
	<string name="2715">&amp;拡張</string>
	<string name="2716">&amp;Use_Frm モード</string>
	<string name="2717">ローカル</string>
	<string name="2718">&amp;テーブルを作成...	F4</string>
	<string name="2719">上級 &amp;属性...</string>
	<string name="2720">プレビュー...</string>
	<string name="2721">&amp;挿入</string>
	<string name="2723">ログ</string>
	<string name="2724">&amp;ホスト</string>
	<string name="2725">&amp;権限リスト</string>
	<string name="2726">&amp;状態</string>
	<string name="2727">&amp;テーブル</string>
	<string name="2728">&amp;読み込みロックつきテーブル</string>
	<string name="2729">&amp;DES_KEY_FILE 属性</string>
	<string name="2730">&amp;クエリキャッシュ</string>
	<string name="2731">&amp;USER_RESOURCES</string>
	<string name="2732">&amp;全て</string>
	<string name="2733">&amp;NO_WRITE_TO_BINLOG を使用する</string>
	<string name="2734">&amp;フラッシュ</string>
	<string name="2735">SQL テンプレート</string>
	<string name="2736">SQL コマンド</string>
	<string name="2737">プレビュー</string>
	<string name="2738">スキーマを生成するテーブルを選択</string>
	<string name="2739">重複したテーブル</string>
	<string name="2740">&amp;全フィールドを使用</string>
	<string name="2741">&amp;インデックスを使用</string>
	<string name="2742">&amp;トリガーを使用</string>
	<string name="2743">&amp;構造のみ</string>
	<string name="2744">構造と &amp;データー</string>
	<string name="2745">リスト1</string>
	<string name="2746">データーベースを作成</string>
	<string name="2747">新規データーベース名を入力</string>
	<string name="2748">&amp;作成</string>
	<string name="2749">関係を管理</string>
	<string name="2750">選択したデーターベースとテーブルを作成、編集、削除する</string>
	<string name="2751">既存の参照</string>
	<string name="2752">インデックスを作成/編集</string>
	<string name="2753">選択したデーターベースとテーブルのインデックス作成と編集</string>
	<string name="2754">&amp;インデックス名</string>
	<string name="2755">インデックスオプション</string>
	<string name="2756">UNIQUE 制約</string>
	<string name="2757">&amp;全文</string>
	<string name="2758">&amp;プライマリーキー</string>
	<string name="2759">上級テーブル属性</string>
	<string name="2760">&amp;チェックサム</string>
	<string name="2761">&amp;自動インクリメント</string>
	<string name="2762">平均 &amp;列長</string>
	<string name="2763">文字セット</string>
	<string name="2764">Collation 属性</string>
	<string name="2765">コメント</string>
	<string name="2766">最大列数</string>
	<string name="2767">最小列数</string>
	<string name="2768">&amp;Delay key write オプション</string>
	<string name="2769">列 &amp;形式</string>
	<string name="2770">チャンク</string>
	<string name="2771">チャンク &amp;サイズ</string>
	<string name="2772">Blob 型フィールドを挿入/更新</string>
	<string name="2773">&amp;ファイルへ保存...</string>
	<string name="2774">&amp;ファイルから読み込み...</string>
	<string name="2775">&amp;Null をセット</string>
	<string name="2776">scintilla エンジン</string>
	<string name="2777">サイズ：</string>
	<string name="2778">ファイルからクエリを実行</string>
	<string name="2779">SQL バッチファイル内のクエリを実行
このオプションはバッチスクリプトを SQL エディターにローディングせずに実行したい場合に便利です。</string>
	<string name="2780">現在のデーターベース：</string>
	<string name="2781">&amp;実行するファイル</string>
	<string name="2782">&amp;完了</string>
	<string name="2783">エスケープ文字を指定</string>
	<string name="2784">の文字でエスケープ</string>
	<string name="2785">改行コードの指定</string>
	<string name="2786">フィールド</string>
	<string name="2787">&amp;固定長</string>
	<string name="2788">&amp;可変長</string>
	<string name="2789">&amp;フィールドの区切りコード</string>
	<string name="2790">フィールドの囲み文字</string>
	<string name="2791">任意に</string>
	<string name="2792">NULL 値の置き換え文字</string>
	<string name="2793">&amp;カラム名を含む</string>
	<string name="2794">エクセル互換の値を満たす</string>
	<string name="2795">LOAD LOCAL を使用して CSV データーを読み込み</string>
	<string name="2796">CSV から読み込むテーブルとカラムを選択</string>
	<string name="2797">区切り文字</string>
	<string name="2798">終端文字：</string>
	<string name="2799">エスケープ文字：</string>
	<string name="2800">行数</string>
	<string name="2801">&amp;変更...</string>
	<string name="2802">文字セット</string>
	<string name="2803">その他のオプション</string>
	<string name="2804">優先度低</string>
	<string name="2805">Concurrent  オプション</string>
	<string name="2806">無視</string>
	<string name="2807">行数</string>
	<string name="2808">ファイルから読み込み</string>
	<string name="2809">&amp;読み込み...</string>
	<string name="2810">バックアップするデーターベース</string>
	<string name="2811">バックアップしたいテーブルを選択</string>
	<string name="2812">注： このオプションは MySQL の BACKUP TABLE オプションを使用します。 バックアップはMyISAM テーブルのみに使用できます。 他のテーブルタイプには DB -> Export Database As SQL Dump オプションを使用して下さい。</string>
	<string name="2813">&amp;バックアップ</string>
	<string name="2814">データーを書き出したい形式を選んで下さい</string>
	<string name="2815">CSV オプション</string>
	<string name="2816">&lt;無し></string>
	<string name="2817">NULL 置き換え文字：</string>
	<string name="2818">&amp;先頭にカラム名を追加</string>
	<string name="2819">変更...</string>
	<string name="2820">エクセルオプション</string>
	<string name="2821">テキストカラムのサイズ制限</string>
	<string name="2822">小数 &amp;桁数</string>
	<string name="2823">SQL オプション</string>
	<string name="2824">データー &amp;のみ</string>
	<string name="2825">書き出すフィールドを選択</string>
	<string name="2826">&amp;ファイルに保存</string>
	<string name="2827">カラムの順番のみを変更する並べ替えには、Up/Down ボタンを使用した後に Reorder を押して下さい</string>
	<string name="2828">&amp;並べ替え</string>
	<string name="2829">データーベースをコピー</string>
	<string name="2830">このオプションはデーターベース/ホスト間でオブジェクトをコピーします</string>
	<string name="2831">ソース { 接続 - データーベース }</string>
	<string name="2832">名前：</string>
	<string name="2833">ターゲット { 接続 ‐ データーベース }　</string>
	<string name="2834">注： 異なるホストへコピーしたい時には File -> New Connection を使って複数ホストへ接続して下さい。 その場合、ターゲットデーターベースのドロップダウンリストに全接続の全データベースが表示されます。</string>
	<string name="2835">&amp;ターゲットに存在する場合にドロップ</string>
	<string name="2836">&amp;bulk INSERT を使用</string>
	<string name="2837">&amp;サマリーを表示...</string>
	<string name="2838">名前</string>
	<string name="2839">インデックス管理</string>
	<string name="2840">既存のインデックス</string>
	<string name="2841">関係を作成</string>
	<string name="2842">現在のテーブル (外部キーテーブル)</string>
	<string name="2843">参照されたテーブル (プライマリーキーテーブル)</string>
	<string name="2844">インデックス...</string>
	<string name="2845">Constraint 名</string>
	<string name="2846">&amp;Delete 時</string>
	<string name="2847">Cascade 句</string>
	<string name="2848">null をセット</string>
	<string name="2849">無動作</string>
	<string name="2850">Restrict 句</string>
	<string name="2851">&amp;Update 時</string>
	<string name="2852">CSV でデータを書き出し</string>
	<string name="2853">CSV で書き出すテーブルとカラムjを選択</string>
	<string name="2854">カラム</string>
	<string name="2855">ファイルに書き出す</string>
	<string name="2856">&amp;書き出し...</string>
	<string name="2857">( 注：これにより複数のクエリを分割する )</string>
	<string name="2858">&amp;パース...</string>
	<string name="2859">ユーザ &amp;名</string>
	<string name="2860">パスワード</string>
	<string name="2861">&amp;常に Base64 エンコーディングをデーターストリームに使用</string>
	<string name="2862">&amp;警告を表示...</string>
	<string name="2863">SQLyog - SQL ダンプ読み込みエラー</string>
	<string name="2864">&amp;エラーファイルを開く...</string>
	<string name="2865">エディター</string>
	<string name="2866">フォント</string>
	<string name="2867">SQL &amp;エディター</string>
	<string name="2868">変更...</string>
	<string name="2869">&amp;履歴/情報</string>
	<string name="2870">&amp;Blob ビューワー</string>
	<string name="2871">&amp;コメント</string>
	<string name="2872">文字列</string>
	<string name="2873">機能</string>
	<string name="2874">キーワード</string>
	<string name="2875">&amp;正常</string>
	<string name="2876">&amp;キーワード</string>
	<string name="2877">タブ</string>
	<string name="2878">タブ &amp;サイズ</string>
	<string name="2879">&amp;空白を挿入</string>
	<string name="2880">タブ位置を維持</string>
	<string name="2881">&amp;全デフォルト値をリストアする</string>
	<string name="2882">&amp;デフォルトのタブ値をリストアする</string>
	<string name="2883">色</string>
	<string name="2884">Case 式</string>
	<string name="2885">SQLyog は現在の SQL 文をお気に入りリストに追加できます。 あるいは代わりに既存の SQL ファイルへのリンクを追加することもできます。</string>
	<string name="2886">ここに作成</string>
	<string name="2887">&amp;現在の SQL エディタからのクエリを使用。 SQLyog Favorites フォルダに新しいファイルが作成されます。</string>
	<string name="2888">&amp;既存の SQL ファイルへのリンクを作成する。 ファイルは SQLyog Favorites フォルダへはコピーされません。</string>
	<string name="2889">&amp;新規フォルダー...</string>
	<string name="2890">新規フォルダーを作成</string>
	<string name="2891">SQLyog は次のフォルダーを作成します。 このフォルダーを「お気に入りメニュー」の「ショートカットを定義」用に使用できます。</string>
	<string name="2892">フォルダー名</string>
	<string name="2893">お気に入りを構成</string>
	<string name="2894">よく使うクエリを構成するために新しいフォルダーを作成するには、Create Folder ボタンをクリックして下さい。 項目をリネームまたは削除するには、項目を選択してから Rename または Delete をクリックして下さい。</string>
	<string name="2895">&amp;フォルダーを作成</string>
	<string name="2896">&amp;フォルダーへ移動...</string>
	<string name="2897">&amp;削除</string>
	<string name="2898">カスタム1</string>
	<string name="2899">Scintilla エンジン</string>
	<string name="2900">フォルダーをブラウズ</string>
	<string name="2901">選んだファイルの移動先フォルダーを選択：</string>
	<string name="2902">&amp;続行...</string>
	<string name="2903">&amp;購入</string>
	<string name="2904">&amp;データーベース名</string>
	<string name="2905">データーベース文字セット</string>
	<string name="2906">Database collation 属性</string>
	<string name="2907">この接続の設定は特定のデーターベース名のフィルターを指定しています。 新たに作成したデーターベースは表示されていないかもしれません。</string>
	<string name="2908">実行された SQL 文</string>
	<string name="2909">エラー番号：</string>
	<string name="2910">&amp;テキストファイルへ保存...</string>
	<string name="2911">SQLyog ENTERPRISE/ULTIMATE を入手</string>
	<string name="2912">&amp;今はやめる</string>
	<string name="2913">この機能は ENTERPRISE/ULTIMATE バージョンの SQLyog で利用できます</string>
	<string name="2914">SQLyog ENTERPRISE/ULTIMATE を今日入手してこの機能や他の沢山のすばらしい機能を使いましょう</string>
	<string name="2915">&amp;今買う</string>
	<string name="2916">アップデートを確認</string>
	<string name="2917">注釈</string>
	<string name="2918">&amp;再度通告しない</string>
	<string name="2919">その他</string>
</resources>