﻿<?xml version="1.0" encoding="utf-8"?>
<resources>
	<string name="1960">&amp;マッピング：</string>
	<string name="1961">&amp;了解</string>
	<string name="1962">ソースカラム：</string>
	<string name="1963">SQL WHERE</string>
	<string name="1964">&amp;パース</string>
	<string name="1965">有効な SQL WHERE 節を記述できるのは WHERE  節に適合する列と同期させるテーブルに対してのみです。
(注： 節の中に WHERE を含めてはいけません)</string>
	<string name="1966">クエリ実行中にエラーが発生しました</string>
	<string name="1967">エラー発生クエリ</string>
	<string name="1968">記述</string>
	<string name="1969">データー読み込みを続行しますか?</string>
	<string name="1970">&amp;はい</string>
	<string name="1971">&amp;いいえ</string>
	<string name="1972">SQLyog を登録</string>
	<string name="1973">&amp;名前</string>
	<string name="1974">ライセンス &amp;キー</string>
	<string name="1975">&amp;登録...</string>
	<string name="1976">(注： ライセンスキーは大文字小文字を区別します)</string>
	<string name="1977">これは SQLyog 試用版です</string>
	<string name="1978">残り有効日数：</string>
	<string name="1979">SQLyogの購入はこちら：</string>
	<string name="1980">続ける...</string>
	<string name="1981">&amp;終了</string>
	<string name="1982">SQLyog ODBC 読み込みウイザード</string>
	<string name="1983">ODBC 読み込みウイザードを完了中</string>
	<string name="1984">MySQL へデータ読み込みに必要な情報の指定が無事に完了しました。 処理を完了させるためにFINISH をクリックして下さい。</string>
	<string name="1985">ファイルに SQL スクリプトとして保存</string>
	<string name="1986">即時実行</string>
	<string name="1987">データー読み込み中...</string>
	<string name="1988">テーブル作成 SQL 文</string>
	<string name="1989">デフォルトの CREATE TABLE 文をカスタマイズできます。しかしカスタマイズした場合には、その後のカラムマッピングはマニュアルで変更しなくてはなりません。</string>
	<string name="1990">&amp;自動生成</string>
	<string name="1991">&amp;ターゲットに FOREIGN_KEY_CHECKS=0 を設定</string>
	<string name="1992">データーベースの &amp;全テーブルを同期</string>
	<string name="1993">全て選択</string>
	<string name="1994">全ての選択を解除</string>
	<string name="1995">&amp;選択したテーブルのみを同期</string>
	<string name="1996">上級設定</string>
	<string name="1997">&amp;リフレッシュ</string>
	<string name="1998">&amp;プロセスを強制終了</string>
	<string name="1999">新規スケジュールを作成</string>
	<string name="2000">スケジュール名を入力</string>
	<string name="2001">データーベース同期ウイザードを完了中</string>
	<string name="2002">&amp;終結</string>
	<string name="2003">ターゲット：</string>
	<string name="2004">出力の格納先</string>
	<string name="2005">スケジュールされたジョブ</string>
	<string name="2006">実行</string>
	<string name="2007">&amp;編集...</string>
	<string name="2008">&amp;削除...</string>
	<string name="2009">SQLyog で作成したジョブを管理
注： ジョブ作成には対応するジョブウイザードを使用して下さい</string>
	<string name="2010">何をしたいですか?</string>
	<string name="2011">&amp;クエリの結果をメールで転送する</string>
	<string name="2012">&amp;オリジナルクエリを含む</string>
	<string name="2013">サーバーから返された&amp;メッセージを含む</string>
	<string name="2014">保守クエリを実行する</string>
	<string name="2015">エラー時にメールを送る</string>
	<string name="2016">エラーの扱い方法は?</string>
	<string name="2017">&amp;直ちに終了</string>
	<string name="2018">&amp;次のクエリを続行</string>
	<string name="2019">MySQL接続詳細を指定</string>
	<string name="2020">&amp;MySQLホストアドレス</string>
	<string name="2021">&amp;ユーザー名</string>
	<string name="2022">ポート</string>
	<string name="2023">&amp;HTTPトンネリングを使用する</string>
	<string name="2024">コピー元</string>
	<string name="2025">送信元情報</string>
	<string name="2026">転送元名</string>
	<string name="2027">&amp;メール送信元</string>
	<string name="2028">&amp;メール返信先</string>
	<string name="2029">受信者情報</string>
	<string name="2030">&amp;メール送信先</string>
	<string name="2031">SMTP サーバー情報</string>
	<string name="2032">&amp;ホスト</string>
	<string name="2033">&amp;暗号化</string>
	<string name="2034">&amp;SMTP サーバーが認証を要求しています</string>
	<string name="2035">&amp;アカウント名</string>
	<string name="2036">テスト設定...</string>
	<string name="2037">外部 SQL ファイルから実行またはクエリを入力</string>
	<string name="2038">&amp;ファイルを選択</string>
	<string name="2039">&amp;ファイル名</string>
	<string name="2040">&amp;クエリを入力</string>
	<string name="2041">&amp;テストを &amp;実行</string>
	<string name="2042">上級オプション</string>
	<string name="2043">&amp;単方向同期</string>
	<string name="2044">&amp;ターゲットにデーターベースの余分な列を削除しない</string>
	<string name="2045">&amp;双方向同期</string>
	<string name="2046">単方向同期ではソースデーターベースは変更されません。 もし&quot;Don&apos;t delete extra row(s) in Target database&quot; チェックボックスをチェックしていない場合には、ターゲットデーターベースのみに存在する列は削除されます。</string>
	<string name="2047">双方向同期ではソースからターゲットへおよびその逆方向のデータ転送ができます。 もしプライマリキーが競合する場合には、ソースのデータがターゲットに上書きされます。</string>
	<string name="2048">送信メールサーバー</string>
	<string name="2049">ログオン情報</string>
	<string name="2050">&amp;ユーザ定義</string>
	<string name="2051">メールの題名を指定</string>
	<string name="2052">HTTP 応答</string>
	<string name="2053">&amp;構造とデーター</string>
	<string name="2054">構造のみ</string>
	<string name="2055">&quot;&amp;CREATE database&quot; 文を含める</string>
	<string name="2056">&quot;&amp;USE database&quot; 文を含める</string>
	<string name="2057">&quot;&amp;DROP&quot; 文を含める</string>
	<string name="2058">bulk INSERT 文を生成する</string>
	<string name="2059">complete INSERT 文を含める</string>
	<string name="2060">INSERT DELAYED文を生成する</string>
	<string name="2061">書き出す</string>
	<string name="2062">DDL オプション</string>
	<string name="2063">DML オプション</string>
	<string name="2064">バックアップファイルを圧縮 (&amp;zip)</string>
	<string name="2065">&amp;全オブジェクトを単一ファイルで</string>
	<string name="2066">オブジェクトごとにファイルを分ける</string>
	<string name="2067">フォルダ名</string>
	<string name="2068">[注： このオプションにより複数の SQL ファイルにまたがる複数のテーブルのデーターをバックアップできます。SQLyog は 各データーベースオブジェクトに対して obj_{objectname}.sql という名称でファイルを作成します。 ]</string>
	<string name="2069">&amp;タイムスタンプを名称に使いサブフォルダを作成</string>
	<string name="2070">[注： 新フォルダ YYYY-MM-DD HH-MM-SS が上で記した場所に作成されます。]</string>
	<string name="2071">&amp;タイムスタンプから生成したSQL ファイル名のプレフィックス</string>
	<string name="2072">&amp;既存ファイルを上書き</string>
	<string name="2073">&amp;既存ファイルに追加</string>
	<string name="2074">バッチスクリプトとしてデータを書き出すウイザード</string>
	<string name="2075">オブジェクトを選択</string>
	<string name="2076">&amp;全オブジェクトを書き出す</string>
	<string name="2077">&amp;選択したオブジェクトを書き出し</string>
	<string name="2078">Flush オプション</string>
	<string name="2079">ダンプの前に &amp;ログを書き出し</string>
	<string name="2080">&amp;マスターログを書き出し</string>
	<string name="2081">&amp;スレーブログを書き出し</string>
	<string name="2082">ソースへ影響するオプション</string>
	<string name="2083">&amp;読み出しテーブルをロック</string>
	<string name="2084">単一トランザクション</string>
	<string name="2085">ファイル書き込みオプション</string>
	<string name="2086">&amp;AUTOCOMMIT=0 をセット</string>
	<string name="2087">文字セット</string>
	<string name="2088">&amp;FOREIGN_KEY_CHECKS=0 をセット</string>
	<string name="2089">&amp;INSERT 文にロックを追加</string>
	<string name="2090">INSERT 文に &amp;DISABLE/ENABLE キーを追加</string>
	<string name="2091">BULK INSERT 文での最大サイズ (KB単位)</string>
	<string name="2092">個別設定サイズ</string>
	<string name="2093">バッチ書き出し中にサイズを分割する (列単位で) </string>
	<string name="2094">&amp;チャンクに分割しない</string>
	<string name="2095">分割サイズ</string>
	<string name="2096">列</string>
	<string name="2097">&amp;エラーで中断</string>
	<string name="2098">&amp;メール通知</string>
	<string name="2099">エラーの扱い</string>
	<string name="2100">&amp;エラーの場合のみ</string>
	<string name="2101">常時</string>
	<string name="2102">HTTP トンネリング設定</string>
	<string name="2103">&amp;プロキシサーバーを使用する</string>
	<string name="2104">&amp;サーバー</string>
	<string name="2105">パスワード</string>
	<string name="2106">&amp;身分証明を使用する</string>
	<string name="2107">HTTP ヘッダー</string>
	<string name="2108">内容 - &amp;タイプ</string>
	<string name="2109">常に &amp;Base64 エンコーディングをデーターストリームに使用する</string>
	<string name="2110">&amp;デフォルト値をクリア</string>
	<string name="2111">&amp;マッピング</string>
	<string name="2112">データーソースから&amp;テーブルをコピーする</string>
	<string name="2113">転送するデーターを指定するために &amp;クエリを使用する</string>
	<string name="2114">SQLyog 移行ツールキット</string>
	<string name="2115">SQL 文を入力</string>
	<string name="2116">&amp;SQLファイルを開く...</string>
	<string name="2117">テーブル</string>
	<string name="2118">foreign_key_checks = 0 をセット</string>
	<string name="2119">&amp;再作成</string>
	<string name="2120">コピー元</string>
	<string name="2121">転送元 &amp;名</string>
	<string name="2122">&amp;ポート</string>
	<string name="2123">SMTP サーバーが認証を要求しています</string>
	<string name="2124">テスト設定...</string>
	<string name="2125">メールの題名を指定</string>
	<string name="2126">日時</string>
	<string name="2127">&amp;スケジュールを &amp;保存</string>
	<string name="2128">&amp;ジョブファイルとして保存</string>
	<string name="2129">&amp;スケジュール &amp;指定を保存</string>
	<string name="2130">SQLyog上級テーブルオプション</string>
	<string name="2131">TABLE 文のデフォルト属性を変更可能です</string>
	<string name="2132">&amp;デスティネーションテーブルを作成</string>
	<string name="2133">データーをコピー</string>
	<string name="2134">&amp;存在する場合にはデスティネーションテーブルをドロップ</string>
	<string name="2135">&amp;データーを置換</string>
	<string name="2136">存在しない場合にはデスティネーションテーブルを作成</string>
	<string name="2137">データーを追加</string>
	<string name="2138">エラーの場合</string>
	<string name="2139">&amp;無視</string>
	<string name="2140">&amp;中止</string>
	<string name="2141">インデックスを読み込み</string>
	<string name="2142">&amp;外部キーを読み込み</string>
	<string name="2143">SQLyog 読み込みウイザード</string>
	<string name="2144">タイムアウト</string>
	<string name="2145">ローカルホスト</string>
	<string name="2146">エラーの扱い</string>
	<string name="2147">1</string>
	<string name="2148">データーベース読み込みウイザードを完了中</string>
	<string name="2149">ジョブファイルを指定：</string>
	<string name="2150">スケジュール名を指定：</string>
	<string name="2151">DDL/DML オプション</string>
	<string name="2152">読み込みオプション</string>
	<string name="2153">&amp;テーブル構造のみを読み込み</string>
	<string name="2154">&amp;テーブルタイプ</string>
	<string name="2155">もしターゲットにすでにテーブルが存在した場合には</string>
	<string name="2156">&amp;ドロップして再作成</string>
	<string name="2157">&amp;既存テーブルに読み込み</string>
	<string name="2158">中止</string>
	<string name="2159">テーブル内容を全て削除する</string>
	<string name="2160">&amp;ソース詳細で更新</string>
	<string name="2161">&amp;ターゲットデーターを維持</string>
	<string name="2162">&amp;変更を全てのテーブルに適用する</string>
	<string name="2163">重複データー時</string>
	<string name="2164">トリガーオプション</string>
	<string name="2165">ソース列をアップデート</string>
	<string name="2166">ソース列を削除</string>
	<string name="2167">このオプションによりソース内にトリガーを記述でき、列が正しくサーバーから読み込まれた後に有効となります。</string>
	<string name="2168">このオプションを選択すると正しく読み込まれた列はソースから削除されます</string>
	<string name="2169">ジョブファイルを指定</string>
	<string name="2170">スケジュール名を指定</string>
	<string name="2171">ウイザードは正常に完了しました</string>
	<string name="2172">&amp;直接同期</string>
	<string name="2173">&amp;スクリプトを生成</string>
	<string name="2174">&amp;同期してスクリプトを生成</string>
	<string name="2175">同期タイプ</string>
	<string name="2176">ファイル 名称</string>
	<string name="2177">テーブルを追加</string>
	<string name="2178">データーベース：</string>
	<string name="2179">&amp;全てを選択/非選択</string>
	<string name="2180">SysListView32</string>
	<string name="2181">親 &amp;テーブルに追加</string>
	<string name="2182">&amp;追加</string>
	<string name="2183">&amp;子テーブルを追加</string>
	<string name="2184">ロードテーブルを無効</string>
	<string name="2185">テーブル名</string>
	<string name="2186">データーベースを選択</string>
	<string name="2187">既存のデーターベースを選択、または新しいデーターベースを作成</string>
	<string name="2188">&amp;既存のデーターベースを選択</string>
	<string name="2189">&amp;新規データーベースを作成</string>
	<string name="2190">&amp;続行</string>
	<string name="2191">キャンセル</string>
	<string name="2192">&amp;全テーブルを選択 / 非選択</string>
	<string name="2193">&amp;選択したテーブルを作成し続行</string>
	<string name="2194">&amp;テーブルを何も作成せずに続行</string>
	<string name="2195">スキーマファイルに存在する以下のテーブルは現在のデーターベースでは無効です</string>
	<string name="2196">テーブル構造が未同期</string>
	<string name="2197">&amp;データーベースから既存のテーブルを使用</string>
	<string name="2198">&amp;テーブルをスキップ</string>
	<string name="2199">&amp;全部の残りテーブルをスキップ</string>
</resources>