﻿<?xml version="1.0" encoding="utf-8"?>
<resources>
	<string name="2920">その他</string>
	<string name="2921">ユーザーが変更した列の&amp;幅を保持</string>
	<string name="2922">&amp;列のヘッダーを最大データサイズに切り取る</string>
	<string name="2923">いつも&quot;インフォ-メーション&quot;タブを選択 &amp;新しい項目が選択されたとき</string>
	<string name="2924">&quot;スマート&quot;&amp;キーワード/機能/デフォルト値　処理</string>
	<string name="2925">&amp;F5 と F9 の機能性群を入れ替える</string>
	<string name="2926">&amp;オブジェクトブラウザの &quot;テーブル&quot;　フォルダ をデフォルトで開く</string>
	<string name="2927">チェックする &amp;更新を自動的に</string>
	<string name="2928">データ表示/編集中</string>
	<string name="2929">自動で &amp;フォーカスされているテーブルデータタブを再読み込み</string>
	<string name="2930">&amp;複数の列が更新中かどうか尋ねるプロンプト</string>
	<string name="2931">結果タブに自動ページ移動を&amp;可能にする</string>
	<string name="2932">&amp;デフォルト列</string>
	<string name="2933">設定を記憶 &amp;　各クエリー</string>
	<string name="2934">ツールバー</string>
	<string name="2935">アイコン　サイ&amp;ズ</string>
	<string name="2936">一般</string>
	<string name="2937">作成&amp;バッククォート(`)を利用してクエリ</string>
	<string name="2938">保持する &amp;クエリ実行後SQL エディタ上のフォーカスを</string>
	<string name="2939">プロンプトする&amp;保存されていないタブが閉じられたとき</string>
	<string name="2940">オブジェクトの名称を貼り付け&amp;ダブルクリックでエディタに</string>
	<string name="2941">有効にする &amp;ワードラップを SQL エディタと BLOB ビューアで</string>
	<string name="2942">トランザクションサポートを有効化&amp;バッチ行程</string>
	<string name="2943">無効化&amp;FKチェックをHTTPインポートバッチプロセス全体で</string>
	<string name="2944">&amp;メッセージタブに警告を表示</string>
	<string name="2945">エクスポートオプション</string>
	<string name="2946">&amp;サーバーデフォルトを取得</string>
	<string name="2947">&amp;ばらばらにしない</string>
	<string name="2948">&amp;塊のサイズ</string>
	<string name="2949">パワーツール</string>
	<string name="2950">パワーツールオプション</string>
	<string name="2951">オートコンプリートを&amp;オンにする</string>
	<string name="2952">SQLエディタにオートコンプリートによるヘルプを&amp;表示</string>
	<string name="2953">起動時に必ずタグファイルを&amp;リビルド</string>
	<string name="2954">SQLエディタにタイプする度にサジェッションを&amp;表示</string>
	<string name="2955">タグディレクトリ</string>
	<string name="2956">&amp;クエリープロファイラをオンにする</string>
	<string name="2957">プロファイルを&amp;表示</string>
	<string name="2958">ステータス&amp;値</string>
	<string name="2959">結果を&amp;説明</string>
	<string name="2960">拡張&amp;情報を説明</string>
	<string name="2961">SQLフォーマッター</string>
	<string name="2962">SQLフォーマッターの設定</string>
	<string name="2963">テーブルと列リストのスタイル</string>
	<string name="2964">&amp;スタックされていない</string>
	<string name="2965">&amp;スタックされている</string>
	<string name="2966">ラインブレイク</string>
	<string name="2967">コンマの&amp;前</string>
	<string name="2968">後&amp;コンマ</string>
	<string name="2969">&amp;インデンテーション</string>
	<string name="2970">空白</string>
	<string name="2971">空のデータベース</string>
	<string name="2972">db1</string>
	<string name="2973">消去したいオブジェクトをデータベースから選ぶ</string>
	<string name="2974">SQL プレビュー</string>
	<string name="2975">Enum (イーナム)/設定</string>
	<string name="2976">&amp;値</string>
	<string name="2977">数値の順番を変更する</string>
	<string name="2978">入力 &amp;値</string>
	<string name="2979">&amp;置換</string>
	<string name="2980">&amp;削除</string>
	<string name="2981">SQLyog ULTIMATE を利用する</string>
	<string name="2982">この機能はULTIMATEバージョンのSQLyogにて利用可能です</string>
	<string name="2983">SQLyog ULTIMATEを利用して、様々な素晴らしい機能を活用してください</string>
	<string name="2984">オブジェクトブラウザの色</string>
	<string name="2985">バックグラウンド &amp;カラー</string>
	<string name="2986">&amp;フォアグラウンドカラー</string>
	<string name="2987">サイズ変更グリッパー</string>
	<string name="2988">ユーザ&amp;ー</string>
	<string name="2989">のみ表示&amp;優先されるオブジェクト</string>
	<string name="2990">&amp;ユーザ削除</string>
	<string name="2991">追加&amp;新規ユーザ</string>
	<string name="2992">ヘル&amp;プ</string>
	<string name="2993">コンテクストヘルプ</string>
	<string name="2994">パスワード&amp;再入力</string>
	<string name="2995">最大限&amp;クエリ数(１時間毎)</string>
	<string name="2996">msctls_updown32</string>
	<string name="2997">最大&amp;アップデート数（１時間毎）</string>
	<string name="2998">最大&amp;接続数（１時間毎）</string>
	<string name="2999">最大限のユーザ接続&amp;数</string>
	<string name="3000">注意－GRANT/REVOKE優先するオブジェクトを選択してください。</string>
	<string name="3001">（注意－０は無制限を意味します）</string>
	<string name="3002">選択/選択解除 &amp;全て</string>
	<string name="3003">カスタムフィルタ</string>
	<string name="3004">&amp;領域名称</string>
	<string name="3005">&amp;条件</string>
	<string name="3006">&amp;値</string>
	<string name="3007">UIの言語を選択</string>
	<string name="3008">&amp;言語</string>
	<string name="3009">ダイアログ</string>
	<string name="3010">&amp;行を制限</string>
	<string name="3011">&amp;最初の行</string>
	<string name="3012">&amp;行数</string>
	<string name="3013">&amp;フィルター</string>
	<string name="3014">ButtonDropDown</string>
	<string name="3015">&amp;選択</string>
	<string name="3016">検索フィルタ</string>
	<string name="3017">データタイプ</string>
	<string name="3018">&amp;全てを選択</string>
	<string name="3019">&amp;数値 - int/decimal/double/float</string>
	<string name="3020">&amp;文字列 - (変数)文字/セット/列挙型</string>
	<string name="3021">&amp;バイナリ - (変数)バイナリ/ビット</string>
	<string name="3022">&amp;日付/時間</string>
	<string name="3023">&amp;テキスト</string>
	<string name="3024">&amp;ブロブ</string>
	<string name="3025">上がる</string>
	<string name="3026">下がる</string>
	<string name="3027">テンプレート</string>
	<string name="3028">選択したものを切り取ってクリップボードに移動</string>
	<string name="3029">現在選択中のものをクリップボードにコピーする</string>
	<string name="3030">クリップボードの内容を現在の挿入ポイントで挿入する</string>
	<string name="3031">前回のアクションを取り消す</string>
	<string name="3032">オブジェクトブラウザの再読み込み</string>
	<string name="3033">テーブルに有効な SQL INSERT 命題を作成</string>
	<string name="3034">クエリを実行</string>
	<string name="3035">前回取り消したアクションをもう一度実行</string>
	<string name="3036">現在ウィンドウにあるテキスト全てを選択</string>
	<string name="3037">特定のテキストを検索</string>
	<string name="3038">特定のテキストを探し、他のテキストと置換する</string>
	<string name="3039">オブジェクトブラウザを表示あるいは非表示にする</string>
	<string name="3040">…としてエクスポート(Ctrl+Shift+E)</string>
	<string name="3041">ウィンドウをオーバーラップ表示にアレンジ</string>
	<string name="3042">ウィンドウをタイリング</string>
	<string name="3043">プログラム情報と著作権を表示</string>
	<string name="3044">選択されたクエリを実行</string>
	<string name="3045">全てのクエリを実行</string>
	<string name="3046">HTMLデータベースにスキーマを作成</string>
	<string name="3047">最近のファイルがありません</string>
	<string name="3048">結果表示ウィンドウを表示または非表示にする</string>
	<string name="3049">データベース中に選択されたテーブルのコピーを作成</string>
	<string name="3050">選択されたテーブルの列を再調整</string>
	<string name="3051">テーブル診断</string>
	<string name="3052">データベースオブジェクトを他のホスト/データベースにコピー</string>
	<string name="3053">SQLエディタを表示あるいは非表示にする</string>
	<string name="3054">結果セットを実行、編集</string>
	<string name="3055">データ値を表示</string>
	<string name="3056">SQLyog ジョブエージェントでジョブを管理</string>
	<string name="3057">選択されたテーブルのリレーションシップを管理</string>
	<string name="3058">[ALL] をソースデータベース中の全てのテーブル同期するのに選択。全ての行、あるいは指定の行を、データ比較に使用するため選択できる。比較されるフィルタ列をどこで区切るかを指定することもできる。</string>
	<string name="3059">テーブルを他のホスト/データベースにコピー</string>
	<string name="3060">書き出したいデータベースを選択</string>
	<string name="3061">全てのデータベースを書き出すことも、選択したデータベースを書き出すこともできます。</string>
	<string name="3062">ダンプしたデータをひとつのファイルに保存したいか、ディレクトリの複数のファイルに保存したいかを選んでください</string>
	<string name="3063">SQLステートメントから読み込む</string>
	<string name="3064">現在選択されている保持された手続きを変更</string>
	<string name="3065">現在選択されている保持された手続きを除く</string>
	<string name="3066">現在選択されている機能を変更</string>
	<string name="3067">現在選択されている機能を除く</string>
	<string name="3068">現在選択されているトリガーを除く</string>
	<string name="3069">現在選択されているビューのビュー構造を変更</string>
	<string name="3070">現在選択中のテーブル上に新しいトリガーを作成する</string>
	<string name="3071">現在選択中のトリガーを修正</string>
	<string name="3072">新しいSQLエディタを追加する</string>
	<string name="3073">現在選択中のビューの名称を変える</string>
	<string name="3074">現在選択中のトリガーの名称を変える</string>
	<string name="3075">カーソルを特定の行の上に置く</string>
	<string name="3076">有効なSQL SELECT命題をテーブルに作成する</string>
	<string name="3078">現在のSQLエディタを閉じる</string>
	<string name="3079">テーブルデータを CSV/HTML/XML/SQL 命題としてエクスポートする</string>
	<string name="3080">…としてビューデータをエクスポート</string>
	<string name="3081">コラムの管理</string>
	<string name="3082">テーブル中に見出しを作成する</string>
	<string name="3083">テーブルの見出しを編集</string>
	<string name="3084">データベース修正</string>
	<string name="3085">新しい案件の作成</string>
	<string name="3086">現在選択中の事項を修正</string>
	<string name="3087">現在選択中の案件をドロップ</string>
	<string name="3088">現在選択中の案件の名称を変更する</string>
	<string name="3089">Professional/Enterprise/Ultimateへアップグレードする理由は?ジョブスケジュール がバックアップ、データ同期など大事なジョブのスケジュール化を許可。</string>
	<string name="3090">スタートアップ、シャットダウン時のナグスクリーンなし</string>
	<string name="3091">SQLyog 機能を一覧表示する広告はありません</string>
	<string name="3092">沢山のパワーツールがSmart MySQL Management に含まれています。</string>
	<string name="3093">１年間の無制限のプレミアEmailサポートを獲得</string>
	<string name="3094">スキーマをビジュアルスキーマデザイナーを利用して画像的に作成</string>
	<string name="3095">シンプルドラッグアンドドロップインターフェースを利用してリレーションシップ作成</string>
	<string name="3096">あなたのデータベーススキーマをVisual Schema Designerを利用してリバースエンジニアリング</string>
	<string name="3097">Visual Schema designer を利用してチームでスキーマデザインを共有</string>
	<string name="3098">Visual Schema Designerを利用してあなたのデータベーススキーマを印刷</string>
	<string name="3099">Visual Query Builderを利用してあなたのクエリを画像的に作成</string>
	<string name="3100">Visual Query Builderを使用し、SQLをすばやく作成</string>
	<string name="3101">SQL命題を列名を記憶する必要なしに画像的に作成</string>
	<string name="3102">ドラッグアンドドロップインターフェースを使って複雑なクエリを構築</string>
	<string name="3103">Smart Autocomplete を使用して１０倍早くクエリを書く</string>
	<string name="3104">Smart Autocomplete がテーブルと列エイリアスのサポートを完了</string>
	<string name="3105">速く、正確なSQLのためにインテリジェントコード完成を提供</string>
	<string name="3106">Smart Autocomplete がキーワードフォーマットと列選別を提供</string>
	<string name="3107">Smart Autocompleteはあなたのキーボードに向かう時間を劇的に減らします。</string>
	<string name="3108">MySQL データベーススキーマを比較、同期</string>
	<string name="3109">データベース比較を自動化</string>
	<string name="3110">何時間もかかる煩雑な作業を無くし手作業でスクリプトを書くことによるミスを防ぐ</string>
	<string name="3111">スキーマ同期スクリプトを作成</string>
	<string name="3112">データベーススナップショットをとって比較する; オーディットトレイルに有用です</string>
	<string name="3113">スキーマ変更の履歴を生成、データベースのバージョン管理に最適です</string>
	<string name="3114">開発版MySQLからテストMySQL、製品版MySQLへのスキーマ変更を適用する</string>
	<string name="3115">スキーマ同期ツールは2つ以上のスキーマを完全に同期させます</string>
	<string name="3116">データ同期ツールを使って2つのデータベースの内容を比較</string>
	<string name="3117">データ同期ツールを使って自動でデータを同期する</string>
	<string name="3118">データ同期はスケジュールできます</string>
	<string name="3119">データ同期を使えばあなたのホストMySQLデータのバックアップを瞬時にとることができます</string>
	<string name="3120">データ同期ツールがアルゴリズムに基づいたインテリジェントチェックサムを使って変更を検知</string>
	<string name="3121">データ同期ツールがデータマイグレーションが成功しているか検証</string>
	<string name="3122">データ同期ツールがバックアップ比較により追跡記録作成を補助</string>
	<string name="3123">データ同期ツールが喪失あるいは損傷したデータをテーブル、行または列レベルに回復</string>
	<string name="3124">データ同期ツールがレプリーケーションの問題解決をヘルプ</string>
	<string name="3125">直接接続が 許可されていない場合でもHTTP/SSH トンネリングを利用してMySQLに接続</string>
	<string name="3126">HTTP/SSHトンネリングが 煩雑なphpMyAdminページ再読み込み排除を許可</string>
	<string name="3127">Excel、Access、CSVファイルから直接データをインポート</string>
	<string name="3128">どのODBCコンプライアントデータソースからでもスキーマ、データをインポート</string>
	<string name="3129">スケジュールされたインターバルで外部データをインポート</string>
	<string name="3130">スケジュールされた外部データインポートのステータスのアップデートをEmailで受領</string>
	<string name="3131">多数の行、列を含む外部データをインポート</string>
	<string name="3132">計画バックアップがウィザード先導インターフェースでバックアップを行なう事を提示</string>
	<string name="3133">バックアップに際しクリプティックコマンド学習不要</string>
	<string name="3134">計画バックアップは安心感を与えてくれます。</string>
	<string name="3135">計画クエリの結果セットをあなたのInboxで直接ゲット</string>
	<string name="3136">お知らせ機能を使って決められた間隔でクエリーのメンテナンスを実行</string>
	<string name="3137">Scheduled Jobsがバックアップ、データ同期などの重要なジョブのスケジューリングを許可</string>
	<string name="3138">SQLフォーマッターはSQLをフォーマットして可読性を高めメンテンナンスを容易にします</string>
	<string name="3139">SQLフォーマッターはSQLコードを瞬時に美しくします</string>
	<string name="3140">SQLフォーマッターはSQLコードを見やすくプリントします</string>
	<string name="3141">クエリープロファイラが問題のあるSQLを探すのをサポートします</string>
	<string name="3142">クエリープロファイラがSQLを微調整するのをサポートします</string>
	<string name="3143">クエリープロファイラが正しいインデックスを生成するのをサポートします</string>
	<string name="3144">クエリープロファイラはクエリーを分析し、最適化するのをサポートします</string>
	<string name="3145">クエリープロファイラはクエリー実行のそれぞれのステップに要した正確な時間をレポートします</string>
	<string name="3146">クエリープロファイラはSQLをより良く書くのをサポートします</string>
	<string name="3147">クエリープロファイラはインデックスが効率よく使われているかどうか判断します</string>
	<string name="3148">クエリープロファイラはアプリケーションのレスポンス向上をサポートします</string>
	<string name="3149">選択されたクエリーをフォーマットする</string>
	<string name="3150">全てのクエリーをフォーマット</string>
	<string name="3151">現在のクエリーをフォーマット</string>
	<string name="3152">圧縮されたバックアップを作成しディスクスペースを節約</string>
	<string name="3153">スキーマオプティマイザは最適な列タイプの決定をサポートします</string>
	<string name="3154">スキーマオプティマイザでメモリとディスクスペースを節約</string>
	<string name="3155">スキーマオプティマイザーがより多くのデータをメモリーに入れるのをヘルプすることにより、レスポンス時間改善につながります。</string>
	<string name="3156">トリガーを作成</string>
	<string name="3157">案件作成</string>
	<string name="3158">既存ユーザの名前を変更</string>
	<string name="3159">SQL命題を含むファイルを選択</string>
</resources>