<?xml version="1.0" encoding="utf-8"?>
<resources>
	<string name="3577">変更を適用する (Ctrl+S)</string>
	<string name="3578">前の差異 (Ctrl+P)</string>
	<string name="3579">次の差異 (Ctrl+N)</string>
	<string name="3580">表を選択する (Ctrl+T)</string>
	<string name="3581">類似の行を隠す (Ctrl+H)</string>
	<string name="3582">ソース (Ctrl+L)</string>
	<string name="3583">ターゲット (Ctrl+R)</string>
	<string name="3584">対象をマージする (Ctrl+Right)</string>
	<string name="3585">ソースをマージする (Ctrl+Left)</string>
	<string name="3586">SQLのプレビュー (Ctrl+Q)</string>
	<string name="3587">変更を取り消す (Ctrl+Z)</string>
	<string name="3588">選択した変更を取り消す (Ctrl+Shift+Z)</string>
	<string name="3589">停止 (Ctrl+Enter)</string>
	<string name="3590">停止 (Ctrl+S)</string>
	<string name="3591">クエリーを実行中%.*s</string>
	<string name="3592">比較する (Ctrl+Enter)</string>
	<string name="3593">ポーズ (Ctrl+P)</string>
	<string name="3594">ポーズ (Ctrl+N)</string>
</resources>