<?xml version="1.0" encoding="UTF-8"?>
<!DOCTYPE hibernate-mapping PUBLIC 
    "-//Hibernate/Hibernate Mapping DTD 3.0//EN"
    "http://hibernate.sourceforge.net/hibernate-mapping-3.0.dtd">
<hibernate-mapping>
  <class name="com.cts.entities.Location" table="Single_Location">
	   <id name="locidationid" type="int" column="locidationid" >
	   <generator class="identity"/>
	  </id>
	  <property name="locationname">
		 <column name="locationname" />
	  </property>
   </class>  

</hibernate-mapping>